unsigned char placeholder_jpg[] = {
  0xff, 0xd8, 0xff, 0xe0, 0x00, 0x10, 0x4a, 0x46, 0x49, 0x46, 0x00, 0x01,
  0x01, 0x00, 0x00, 0x01, 0x00, 0x01, 0x00, 0x00, 0xff, 0xdb, 0x00, 0x43,
  0x00, 0x05, 0x03, 0x04, 0x04, 0x04, 0x03, 0x05, 0x04, 0x04, 0x04, 0x05,
  0x05, 0x05, 0x06, 0x07, 0x0c, 0x08, 0x07, 0x07, 0x07, 0x07, 0x0f, 0x0b,
  0x0b, 0x09, 0x0c, 0x11, 0x0f, 0x12, 0x12, 0x11, 0x0f, 0x11, 0x11, 0x13,
  0x16, 0x1c, 0x17, 0x13, 0x14, 0x1a, 0x15, 0x11, 0x11, 0x18, 0x21, 0x18,
  0x1a, 0x1d, 0x1d, 0x1f, 0x1f, 0x1f, 0x13, 0x17, 0x22, 0x24, 0x22, 0x1e,
  0x24, 0x1c, 0x1e, 0x1f, 0x1e, 0xff, 0xdb, 0x00, 0x43, 0x01, 0x05, 0x05,
  0x05, 0x07, 0x06, 0x07, 0x0e, 0x08, 0x08, 0x0e, 0x1e, 0x14, 0x11, 0x14,
  0x1e, 0x1e, 0x1e, 0x1e, 0x1e, 0x1e, 0x1e, 0x1e, 0x1e, 0x1e, 0x1e, 0x1e,
  0x1e, 0x1e, 0x1e, 0x1e, 0x1e, 0x1e, 0x1e, 0x1e, 0x1e, 0x1e, 0x1e, 0x1e,
  0x1e, 0x1e, 0x1e, 0x1e, 0x1e, 0x1e, 0x1e, 0x1e, 0x1e, 0x1e, 0x1e, 0x1e,
  0x1e, 0x1e, 0x1e, 0x1e, 0x1e, 0x1e, 0x1e, 0x1e, 0x1e, 0x1e, 0x1e, 0x1e,
  0x1e, 0x1e, 0xff, 0xc0, 0x00, 0x11, 0x08, 0x03, 0x23, 0x04, 0x2f, 0x03,
  0x01, 0x22, 0x00, 0x02, 0x11, 0x01, 0x03, 0x11, 0x01, 0xff, 0xc4, 0x00,
  0x1d, 0x00, 0x01, 0x00, 0x02, 0x02, 0x03, 0x01, 0x01, 0x00, 0x00, 0x00,
  0x00, 0x00, 0x00, 0x00, 0x00, 0x00, 0x00, 0x04, 0x06, 0x01, 0x05, 0x03,
  0x07, 0x08, 0x09, 0x02, 0xff, 0xc4, 0x00, 0x4d, 0x10, 0x01, 0x00, 0x00,
  0x02, 0x03, 0x07, 0x0c, 0x11, 0x03, 0x03, 0x04, 0x02, 0x03, 0x01, 0x00,
  0x00, 0x00, 0x01, 0x02, 0x03, 0x04, 0x05, 0x06, 0x31, 0x33, 0x35, 0x71,
  0x73, 0xb1, 0x07, 0x12, 0x32, 0x41, 0x51, 0x55, 0x72, 0x91, 0x94, 0xb2,
  0xd1, 0xd2, 0x08, 0x11, 0x13, 0x14, 0x15, 0x16, 0x17, 0x34, 0x37, 0x52,
  0x54, 0x56, 0x81, 0x92, 0x93, 0x95, 0xb3, 0x53, 0x74, 0x75, 0x18, 0x21,
  0x36, 0x22, 0x45, 0x82, 0xc1, 0x23, 0x61, 0x24, 0x25, 0x43, 0x62, 0xff,
  0xc4, 0x00, 0x1c, 0x01, 0x01, 0x00, 0x02, 0x03, 0x01, 0x01, 0x01, 0x00,
  0x00, 0x00, 0x00, 0x00, 0x00, 0x00, 0x00, 0x00, 0x00, 0x05, 0x07, 0x04,
  0x06, 0x08, 0x03, 0x02, 0x01, 0xff, 0xc4, 0x00, 0x40, 0x11, 0x01, 0x00,
  0x01, 0x01, 0x02, 0x07, 0x0c, 0x07, 0x08, 0x03, 0x01, 0x01, 0x01, 0x00,
  0x00, 0x00, 0x00, 0x01, 0x02, 0x03, 0x04, 0x06, 0x07, 0x32, 0x35, 0x71,
  0x72, 0xb2, 0x05, 0x17, 0x34, 0x36, 0x51, 0x53, 0x73, 0x82, 0x91, 0xb1,
  0xc1, 0xd1, 0x11, 0x14, 0x15, 0x16, 0x52, 0x92, 0xe1, 0x12, 0x21, 0x31,
  0x33, 0x54, 0xa1, 0xd2, 0xf0, 0x41, 0x61, 0x81, 0x22, 0x42, 0x23, 0xff,
  0xda, 0x00, 0x0c, 0x03, 0x01, 0x00, 0x02, 0x11, 0x03, 0x11, 0x00, 0x3f,
  0x00, 0xee, 0x60, 0x00, 0x00, 0x00, 0x00, 0x00, 0x00, 0x00, 0x00, 0x00,
  0x00, 0x00, 0x00, 0x01, 0x98, 0x5f, 0x57, 0x23, 0xb2, 0x8e, 0x58, 0xac,
  0x70, 0xbe, 0xae, 0x47, 0x65, 0x1c, 0xb1, 0x57, 0x98, 0xc3, 0xe0, 0xd6,
  0x3a, 0xd3, 0xdc, 0xcb, 0xba, 0x65, 0x4b, 0x00, 0x2a, 0x86, 0x78, 0x00,
  0x00, 0x00, 0x00, 0x00, 0x00, 0x00, 0x00, 0x00, 0x00, 0x06, 0xd0, 0x6d,
  0x3f, 0x45, 0x46, 0xd5, 0xc6, 0x75, 0xac, 0xec, 0x51, 0x52, 0xad, 0x5c,
  0x67, 0x5a, 0xce, 0xc5, 0x15, 0xd6, 0x98, 0x3b, 0x9a, 0x6e, 0xbd, 0x1d,
  0x1b, 0x30, 0xe6, 0x2d, 0xdf, 0xce, 0x97, 0x9d, 0x7a, 0xb6, 0xa4, 0x01,
  0x30, 0x88, 0x00, 0x00, 0x00, 0x00, 0x00, 0x00, 0x00, 0x00, 0x00, 0x00,
  0x01, 0xa4, 0xb4, 0xf1, 0x8d, 0x2f, 0x06, 0x4d, 0x0d, 0xdb, 0x49, 0x69,
  0xe3, 0x1a, 0x5e, 0x0c, 0x9a, 0x1a, 0x7e, 0x1c, 0xe6, 0x99, 0xd6, 0x86,
  0x55, 0xd3, 0x2e, 0x74, 0x78, 0xa3, 0x80, 0xa5, 0x92, 0x00, 0x00, 0x00,
  0x00, 0x00, 0x00, 0x00, 0x00, 0x00, 0x00, 0x00, 0x00, 0x0d, 0x0d, 0xd4,
  0xf9, 0xc5, 0x5b, 0x37, 0x37, 0x39, 0xa7, 0x6e, 0x2e, 0xa7, 0xce, 0x2a,
  0xd9, 0xb9, 0xb9, 0xcd, 0x3b, 0xa6, 0xf1, 0x7f, 0xc5, 0xfb, 0xbf, 0x5b,
  0x6e, 0xa7, 0x61, 0x62, 0xbf, 0x8a, 0xd7, 0x5e, 0xb6, 0xdd, 0x40, 0x0d,
  0xc5, 0xbf, 0x00, 0x00, 0x00, 0x00, 0x00, 0x00, 0x00, 0x00, 0x00, 0x00,
  0x00, 0x81, 0x6d, 0x60, 0x68, 0xb8, 0x71, 0xd1, 0x14, 0xf4, 0x0b, 0x6b,
  0x03, 0x45, 0xc3, 0x8e, 0x88, 0xa0, 0xb0, 0x9f, 0x34, 0xdb, 0xe8, 0xf1,
  0x87, 0xa5, 0x96, 0x5c, 0x69, 0x6a, 0x80, 0x50, 0x69, 0x60, 0x00, 0x00,
  0x00, 0x00, 0x00, 0x00, 0x00, 0x00, 0x00, 0x00, 0x00, 0x04, 0x1b, 0x7f,
  0x14, 0xd3, 0x65, 0x97, 0x4a, 0xaa, 0xb5, 0x5b, 0xf8, 0xa6, 0x9b, 0x2c,
  0xba, 0x55, 0x57, 0x40, 0x62, 0xa7, 0x33, 0xda, 0x74, 0x93, 0xb3, 0x42,
  0x8e, 0xc6, 0x5e, 0x75, 0xa3, 0xa3, 0x8d, 0xaa, 0x80, 0x16, 0x6a, 0xbc,
  0x00, 0x00, 0x00, 0x00, 0x00, 0x00, 0x00, 0x00, 0x00, 0x00, 0x00, 0x00,
  0x7d, 0x10, 0x01, 0xcc, 0xa9, 0xa0, 0x00, 0x00, 0x00, 0x00, 0x00, 0x00,
  0x00, 0x00, 0x00, 0x00, 0x00, 0x06, 0x61, 0x7d, 0x5c, 0x8e, 0xca, 0x39,
  0x62, 0xb1, 0xc2, 0xfa, 0xb9, 0x1d, 0x94, 0x72, 0xc5, 0x5e, 0x63, 0x0f,
  0x83, 0x58, 0xeb, 0x4f, 0x73, 0x2e, 0xe9, 0x95, 0x2c, 0x00, 0xaa, 0x19,
  0xe0, 0x00, 0x00, 0x00, 0x00, 0x00, 0x00, 0x00, 0x00, 0x00, 0x00, 0x1b,
  0x41, 0xb4, 0xfd, 0x15, 0x1b, 0x57, 0x19, 0xd6, 0xb3, 0xb1, 0x45, 0x4a,
  0xb5, 0x71, 0x9d, 0x6b, 0x3b, 0x14, 0x57, 0x5a, 0x60, 0xee, 0x69, 0xba,
  0xf4, 0x74, 0x6c, 0xc3, 0x98, 0xb7, 0x7f, 0x3a, 0x5e, 0x75, 0xea, 0xda,
  0x90, 0x04, 0xc2, 0x20, 0x00, 0x00, 0x00, 0x00, 0x00, 0x00, 0x00, 0x00,
  0x00, 0x00, 0x06, 0x92, 0xd3, 0xc6, 0x34, 0xbc, 0x19, 0x34, 0x37, 0x6d,
  0x25, 0xa7, 0x8c, 0x69, 0x78, 0x32, 0x68, 0x69, 0xf8, 0x73, 0x9a, 0x67,
  0x5a, 0x19, 0x57, 0x4c, 0xb9, 0xd1, 0xe2, 0x8e, 0x02, 0x96, 0x48, 0x00,
  0x00, 0x00, 0x00, 0x00, 0x00, 0x00, 0x00, 0x00, 0x00, 0x00, 0x00, 0x34,
  0x37, 0x53, 0xe7, 0x15, 0x6c, 0xdc, 0xdc, 0xe6, 0x9d, 0xb8, 0xba, 0x9f,
  0x38, 0xab, 0x66, 0xe6, 0xe7, 0x34, 0xee, 0x9b, 0xc5, 0xff, 0x00, 0x17,
  0xee, 0xfd, 0x6d, 0xba, 0x9d, 0x85, 0x8a, 0xfe, 0x2b, 0x5d, 0x7a, 0xdb,
  0x75, 0x00, 0x37, 0x16, 0xfc, 0x00, 0x00, 0x00, 0x00, 0x00, 0x00, 0x00,
  0x00, 0x00, 0x00, 0x02, 0x05, 0xb5, 0x81, 0xa2, 0xe1, 0xc7, 0x44, 0x53,
  0xd0, 0x2d, 0xac, 0x0d, 0x17, 0x0e, 0x3a, 0x22, 0x82, 0xc2, 0x7c, 0xd3,
  0x6f, 0xa3, 0xc6, 0x1e, 0x96, 0x59, 0x71, 0xa5, 0xaa, 0x01, 0x41, 0xa5,
  0x80, 0x00, 0x00, 0x00, 0x00, 0x00, 0x00, 0x00, 0x00, 0x00, 0x00, 0x00,
  0x10, 0x6d, 0xfc, 0x53, 0x4d, 0x96, 0x5d, 0x2a, 0xaa, 0xd5, 0x6f, 0xe2,
  0x9a, 0x6c, 0xb2, 0xe9, 0x55, 0x5d, 0x01, 0x8a, 0x9c, 0xcf, 0x69, 0xd2,
  0x4e, 0xcd, 0x0a, 0x3b, 0x19, 0x79, 0xd6, 0x8e, 0x8e, 0x36, 0xaa, 0x00,
  0x59, 0xaa, 0xf0, 0x00, 0x00, 0x00, 0x00, 0x00, 0x00, 0x00, 0x00, 0x00,
  0x00, 0x00, 0x01, 0xf4, 0x40, 0x07, 0x32, 0xa6, 0x80, 0x00, 0x00, 0x00,
  0x00, 0x00, 0x00, 0x00, 0x00, 0x00, 0x00, 0x00, 0x19, 0x85, 0xf5, 0x72,
  0x3b, 0x28, 0xe5, 0x8a, 0xc7, 0x0b, 0xea, 0xe4, 0x76, 0x51, 0xcb, 0x15,
  0x79, 0x8c, 0x3e, 0x0d, 0x63, 0xad, 0x3d, 0xcc, 0xbb, 0xa6, 0x54, 0xb0,
  0x02, 0xa8, 0x67, 0x80, 0x00, 0x00, 0x00, 0x00, 0x00, 0x00, 0x00, 0x00,
  0x00, 0x00, 0x6d, 0x06, 0xd3, 0xf4, 0x54, 0x6d, 0x5c, 0x67, 0x5a, 0xce,
  0xc5, 0x15, 0x2a, 0xd5, 0xc6, 0x75, 0xac, 0xec, 0x51, 0x5d, 0x69, 0x83,
  0xb9, 0xa6, 0xeb, 0xd1, 0xd1, 0xb3, 0x0e, 0x62, 0xdd, 0xfc, 0xe9, 0x79,
  0xd7, 0xab, 0x6a, 0x40, 0x13, 0x08, 0x80, 0x00, 0x00, 0x00, 0x00, 0x00,
  0x00, 0x00, 0x00, 0x00, 0x00, 0x1a, 0x4b, 0x4f, 0x18, 0xd2, 0xf0, 0x64,
  0xd0, 0xdd, 0xb4, 0x96, 0x9e, 0x31, 0xa5, 0xe0, 0xc9, 0xa1, 0xa7, 0xe1,
  0xce, 0x69, 0x9d, 0x68, 0x65, 0x5d, 0x32, 0xe7, 0x47, 0x8a, 0x38, 0x0a,
  0x59, 0x20, 0x00, 0x00, 0x00, 0x00, 0x00, 0x00, 0x00, 0x00, 0x00, 0x00,
  0x00, 0x00, 0xd0, 0xdd, 0x4f, 0x9c, 0x55, 0xb3, 0x73, 0x73, 0x9a, 0x76,
  0xe2, 0xea, 0x7c, 0xe2, 0xad, 0x9b, 0x9b, 0x9c, 0xd3, 0xba, 0x6f, 0x17,
  0xfc, 0x5f, 0xbb, 0xf5, 0xb6, 0xea, 0x76, 0x16, 0x2b, 0xf8, 0xad, 0x75,
  0xeb, 0x6d, 0xd4, 0x00, 0xdc, 0x5b, 0xf0, 0x00, 0x00, 0x00, 0x00, 0x00,
  0x00, 0x00, 0x00, 0x00, 0x00, 0x08, 0x16, 0xd6, 0x06, 0x8b, 0x87, 0x1d,
  0x11, 0x4f, 0x40, 0xb6, 0xb0, 0x34, 0x5c, 0x38, 0xe8, 0x8a, 0x0b, 0x09,
  0xf3, 0x4d, 0xbe, 0x8f, 0x18, 0x7a, 0x59, 0x65, 0xc6, 0x96, 0xa8, 0x05,
  0x06, 0x96, 0x00, 0x00, 0x00, 0x00, 0x00, 0x00, 0x00, 0x00, 0x00, 0x00,
  0x00, 0x00, 0x41, 0xb7, 0xf1, 0x4d, 0x36, 0x59, 0x74, 0xaa, 0xab, 0x55,
  0xbf, 0x8a, 0x69, 0xb2, 0xcb, 0xa5, 0x55, 0x74, 0x06, 0x2a, 0x73, 0x3d,
  0xa7, 0x49, 0x3b, 0x34, 0x28, 0xec, 0x65, 0xe7, 0x5a, 0x3a, 0x38, 0xda,
  0xa8, 0x01, 0x66, 0xab, 0xc0, 0x00, 0x00, 0x00, 0x00, 0x00, 0x00, 0x00,
  0x00, 0x00, 0x00, 0x00, 0x07, 0xd1, 0x00, 0x1c, 0xca, 0x9a, 0x00, 0x00,
  0x00, 0x00, 0x00, 0x00, 0x00, 0x00, 0x00, 0x00, 0x00, 0x00, 0x66, 0x17,
  0xd5, 0xc8, 0xec, 0xa3, 0x96, 0x2b, 0x1c, 0x2f, 0xab, 0x91, 0xd9, 0x47,
  0x2c, 0x55, 0xe6, 0x30, 0xf8, 0x35, 0x8e, 0xb4, 0xf7, 0x32, 0xee, 0x99,
  0x52, 0xc0, 0x0a, 0xa1, 0x9e, 0x00, 0x00, 0x00, 0x00, 0x00, 0x00, 0x00,
  0x00, 0x00, 0x00, 0x01, 0xb4, 0x1b, 0x4f, 0xd1, 0x51, 0xb5, 0x71, 0x9d,
  0x6b, 0x3b, 0x14, 0x54, 0xab, 0x57, 0x19, 0xd6, 0xb3, 0xb1, 0x45, 0x75,
  0xa6, 0x0e, 0xe6, 0x9b, 0xaf, 0x47, 0x46, 0xcc, 0x39, 0x8b, 0x77, 0xf3,
  0xa5, 0xe7, 0x5e, 0xad, 0xa9, 0x00, 0x4c, 0x22, 0x00, 0x00, 0x00, 0x00,
  0x00, 0x00, 0x00, 0x00, 0x00, 0x00, 0x00, 0x69, 0x2d, 0x3c, 0x63, 0x4b,
  0xc1, 0x93, 0x43, 0x76, 0xd2, 0x5a, 0x78, 0xc6, 0x97, 0x83, 0x26, 0x86,
  0x9f, 0x87, 0x39, 0xa6, 0x75, 0xa1, 0x95, 0x74, 0xcb, 0x9d, 0x1e, 0x28,
  0xe0, 0x29, 0x64, 0x80, 0x00, 0x00, 0x00, 0x00, 0x00, 0x00, 0x00, 0x00,
  0x00, 0x00, 0x00, 0x03, 0x43, 0x75, 0x3e, 0x71, 0x56, 0xcd, 0xcd, 0xce,
  0x69, 0xdb, 0x8b, 0xa9, 0xf3, 0x8a, 0xb6, 0x6e, 0x6e, 0x73, 0x4e, 0xe9,
  0xbc, 0x5f, 0xf1, 0x7e, 0xef, 0xd6, 0xdb, 0xa9, 0xd8, 0x58, 0xaf, 0xe2,
  0xb5, 0xd7, 0xad, 0xb7, 0x50, 0x03, 0x71, 0x6f, 0xc0, 0x00, 0x00, 0x00,
  0x00, 0x00, 0x00, 0x00, 0x00, 0x00, 0x00, 0x20, 0x5b, 0x58, 0x1a, 0x2e,
  0x1c, 0x74, 0x45, 0x3d, 0x02, 0xda, 0xc0, 0xd1, 0x70, 0xe3, 0xa2, 0x28,
  0x2c, 0x27, 0xcd, 0x36, 0xfa, 0x3c, 0x61, 0xe9, 0x65, 0x97, 0x1a, 0x5a,
  0xa0, 0x14, 0x1a, 0x58, 0x00, 0x00, 0x00, 0x00, 0x00, 0x00, 0x00, 0x00,
  0x00, 0x00, 0x00, 0x01, 0x06, 0xdf, 0xc5, 0x34, 0xd9, 0x65, 0xd2, 0xaa,
  0xad, 0x56, 0xfe, 0x29, 0xa6, 0xcb, 0x2e, 0x95, 0x55, 0xd0, 0x18, 0xa9,
  0xcc, 0xf6, 0x9d, 0x24, 0xec, 0xd0, 0xa3, 0xb1, 0x97, 0x9d, 0x68, 0xe8,
  0xe3, 0x6a, 0xa0, 0x05, 0x9a, 0xaf, 0x00, 0x00, 0x00, 0x00, 0x00, 0x00,
  0x00, 0x00, 0x00, 0x00, 0x00, 0x00, 0x1f, 0x44, 0x00, 0x73, 0x2a, 0x68,
  0x00, 0x00, 0x00, 0x00, 0x00, 0x00, 0x00, 0x00, 0x00, 0x00, 0x00, 0x01,
  0x98, 0x5f, 0x57, 0x23, 0xb2, 0x8e, 0x58, 0xac, 0x70, 0xbe, 0xae, 0x47,
  0x65, 0x1c, 0xb1, 0x57, 0x98, 0xc3, 0xe0, 0xd6, 0x3a, 0xd3, 0xdc, 0xcb,
  0xba, 0x65, 0x4b, 0x00, 0x2a, 0x86, 0x78, 0x00, 0x00, 0x00, 0x00, 0x00,
  0x00, 0x00, 0x00, 0x00, 0x00, 0x06, 0xd0, 0x6d, 0x3f, 0x45, 0x46, 0xd5,
  0xc6, 0x75, 0xac, 0xec, 0x51, 0x52, 0xad, 0x5c, 0x67, 0x5a, 0xce, 0xc5,
  0x15, 0xd6, 0x98, 0x3b, 0x9a, 0x6e, 0xbd, 0x1d, 0x1b, 0x30, 0xe6, 0x2d,
  0xdf, 0xce, 0x97, 0x9d, 0x7a, 0xb6, 0xa4, 0x01, 0x30, 0x88, 0x00, 0x00,
  0x00, 0x00, 0x00, 0x00, 0x00, 0x00, 0x00, 0x00, 0x01, 0xa4, 0xb4, 0xf1,
  0x8d, 0x2f, 0x06, 0x4d, 0x0d, 0xdb, 0x49, 0x69, 0xe3, 0x1a, 0x5e, 0x0c,
  0x9a, 0x1a, 0x7e, 0x1c, 0xe6, 0x99, 0xd6, 0x86, 0x55, 0xd3, 0x2e, 0x74,
  0x78, 0xa3, 0x80, 0xa5, 0x92, 0x00, 0x00, 0x00, 0x00, 0x00, 0x00, 0x00,
  0x00, 0x00, 0x00, 0x00, 0x00, 0x0d, 0x0d, 0xd4, 0xf9, 0xc5, 0x5b, 0x37,
  0x37, 0x39, 0xa7, 0x6e, 0x2e, 0xa7, 0xce, 0x2a, 0xd9, 0xb9, 0xb9, 0xcd,
  0x3b, 0xa6, 0xf1, 0x7f, 0xc5, 0xfb, 0xbf, 0x5b, 0x6e, 0xa7, 0x61, 0x62,
  0xbf, 0x8a, 0xd7, 0x5e, 0xb6, 0xdd, 0x40, 0x0d, 0xc5, 0xbf, 0x00, 0x00,
  0x00, 0x00, 0x00, 0x00, 0x00, 0x00, 0x00, 0x00, 0x00, 0x81, 0x6d, 0x60,
  0x68, 0xb8, 0x71, 0xd1, 0x14, 0xf4, 0x0b, 0x6b, 0x03, 0x45, 0xc3, 0x8e,
  0x88, 0xa0, 0xb0, 0x9f, 0x34, 0xdb, 0xe8, 0xf1, 0x87, 0xa5, 0x96, 0x5c,
  0x69, 0x6a, 0x80, 0x50, 0x69, 0x60, 0x00, 0x00, 0x00, 0x00, 0x00, 0x00,
  0x00, 0x00, 0x00, 0x00, 0x00, 0x04, 0x1b, 0x7f, 0x14, 0xd3, 0x65, 0x97,
  0x4a, 0xaa, 0xb5, 0x5b, 0xf8, 0xa6, 0x9b, 0x2c, 0xba, 0x55, 0x57, 0x40,
  0x62, 0xa7, 0x33, 0xda, 0x74, 0x93, 0xb3, 0x42, 0x8e, 0xc6, 0x5e, 0x75,
  0xa3, 0xa3, 0x8d, 0xaa, 0x80, 0x16, 0x6a, 0xbc, 0x00, 0x00, 0x00, 0x00,
  0x00, 0x00, 0x00, 0x00, 0x00, 0x00, 0x00, 0x00, 0x7d, 0x10, 0x01, 0xcc,
  0xa9, 0xa0, 0x00, 0x00, 0x00, 0x00, 0x00, 0x00, 0x00, 0x00, 0x00, 0x00,
  0x00, 0x06, 0x61, 0x7d, 0x5c, 0x8e, 0xca, 0x39, 0x62, 0xb1, 0xc2, 0xfa,
  0xb9, 0x1d, 0x94, 0x72, 0xc5, 0x5e, 0x63, 0x0f, 0x83, 0x58, 0xeb, 0x4f,
  0x73, 0x2e, 0xe9, 0x95, 0x2c, 0x00, 0xaa, 0x19, 0xe0, 0x00, 0x00, 0x00,
  0x00, 0x00, 0x00, 0x00, 0x00, 0x00, 0x00, 0x1b, 0x41, 0xb4, 0xfd, 0x15,
  0x1b, 0x57, 0x19, 0xd6, 0xb3, 0xb1, 0x45, 0x4a, 0xb5, 0x71, 0x9d, 0x6b,
  0x3b, 0x14, 0x57, 0x5a, 0x60, 0xee, 0x69, 0xba, 0xf4, 0x74, 0x6c, 0xc3,
  0x98, 0xb7, 0x7f, 0x3a, 0x5e, 0x75, 0xea, 0xda, 0x90, 0x04, 0xc2, 0x20,
  0x00, 0x00, 0x00, 0x00, 0x00, 0x00, 0x00, 0x00, 0x00, 0x00, 0x06, 0x92,
  0xd3, 0xc6, 0x34, 0xbc, 0x19, 0x34, 0x37, 0x6d, 0x25, 0xa7, 0x8c, 0x69,
  0x78, 0x32, 0x68, 0x69, 0xf8, 0x73, 0x9a, 0x67, 0x5a, 0x19, 0x57, 0x4c,
  0xb9, 0xd1, 0xe2, 0x8e, 0x02, 0x96, 0x48, 0x00, 0x00, 0x00, 0x00, 0x00,
  0x00, 0x00, 0x00, 0x00, 0x00, 0x00, 0x00, 0x34, 0x37, 0x53, 0xe7, 0x15,
  0x6c, 0xdc, 0xdc, 0xe6, 0x9d, 0xb8, 0xba, 0x9f, 0x38, 0xab, 0x66, 0xe6,
  0xe7, 0x34, 0xee, 0x9b, 0xc5, 0xff, 0x00, 0x17, 0xee, 0xfd, 0x6d, 0xba,
  0x9d, 0x85, 0x8a, 0xfe, 0x2b, 0x5d, 0x7a, 0xdb, 0x75, 0x00, 0x37, 0x16,
  0xfc, 0x00, 0x00, 0x00, 0x00, 0x00, 0x00, 0x00, 0x00, 0x00, 0x00, 0x02,
  0x05, 0xb5, 0x81, 0xa2, 0xe1, 0xc7, 0x44, 0x53, 0xd0, 0x2d, 0xac, 0x0d,
  0x17, 0x0e, 0x3a, 0x22, 0x82, 0xc2, 0x7c, 0xd3, 0x6f, 0xa3, 0xc6, 0x1e,
  0x96, 0x59, 0x71, 0xa5, 0xaa, 0x01, 0x41, 0xa5, 0x80, 0x00, 0x00, 0x00,
  0x00, 0x00, 0x00, 0x00, 0x00, 0x00, 0x00, 0x00, 0x10, 0x6d, 0xfc, 0x53,
  0x4d, 0x96, 0x5d, 0x2a, 0xaa, 0xd5, 0x6f, 0xe2, 0x9a, 0x6c, 0xb2, 0xe9,
  0x55, 0x5d, 0x01, 0x8a, 0x9c, 0xcf, 0x69, 0xd2, 0x4e, 0xcd, 0x0a, 0x3b,
  0x19, 0x79, 0xd6, 0x8e, 0x8e, 0x36, 0xaa, 0x00, 0x59, 0xaa, 0xf0, 0x00,
  0x00, 0x00, 0x00, 0x00, 0x00, 0x00, 0x00, 0x00, 0x00, 0x00, 0x01, 0xf4,
  0x40, 0x07, 0x32, 0xa6, 0x80, 0x00, 0x00, 0x00, 0x00, 0x00, 0x00, 0x00,
  0x00, 0x00, 0x00, 0x00, 0x19, 0x85, 0xf5, 0x72, 0x3b, 0x28, 0xe5, 0x8a,
  0xc7, 0x0b, 0xea, 0xe4, 0x76, 0x51, 0xcb, 0x15, 0x79, 0x8c, 0x3e, 0x0d,
  0x63, 0xad, 0x3d, 0xcc, 0xbb, 0xa6, 0x54, 0xb0, 0x02, 0xa8, 0x67, 0x80,
  0x00, 0x00, 0x00, 0x00, 0x00, 0x00, 0x00, 0x00, 0x00, 0x00, 0x6d, 0x06,
  0xd3, 0xf4, 0x54, 0x6d, 0x5c, 0x67, 0x5a, 0xce, 0xc5, 0x15, 0x2a, 0xd5,
  0xc6, 0x75, 0xac, 0xec, 0x51, 0x5d, 0x69, 0x83, 0xb9, 0xa6, 0xeb, 0xd1,
  0xd1, 0xb3, 0x0e, 0x62, 0xdd, 0xfc, 0xe9, 0x79, 0xd7, 0xab, 0x6a, 0x40,
  0x13, 0x08, 0x80, 0x00, 0x00, 0x00, 0x00, 0x00, 0x00, 0x00, 0x00, 0x00,
  0x00, 0x1a, 0x4b, 0x4f, 0x18, 0xd2, 0xf0, 0x64, 0xd0, 0xdd, 0xb4, 0x96,
  0x9e, 0x31, 0xa5, 0xe0, 0xc9, 0xa1, 0xa7, 0xe1, 0xce, 0x69, 0x9d, 0x68,
  0x65, 0x5d, 0x32, 0xe7, 0x47, 0x8a, 0x38, 0x0a, 0x59, 0x20, 0x00, 0x00,
  0x00, 0x00, 0x00, 0x00, 0x00, 0x00, 0x00, 0x00, 0x00, 0x00, 0xd0, 0xdd,
  0x4f, 0x9c, 0x55, 0xb3, 0x73, 0x73, 0x9a, 0x76, 0xe2, 0xea, 0x7c, 0xe2,
  0xad, 0x9b, 0x9b, 0x9c, 0xd3, 0xba, 0x6f, 0x17, 0xfc, 0x5f, 0xbb, 0xf5,
  0xb6, 0xea, 0x76, 0x16, 0x2b, 0xf8, 0xad, 0x75, 0xeb, 0x6d, 0xd4, 0x00,
  0xdc, 0x5b, 0xf0, 0x00, 0x00, 0x00, 0x00, 0x00, 0x00, 0x00, 0x00, 0x00,
  0x00, 0x08, 0x16, 0xd6, 0x06, 0x8b, 0x87, 0x1d, 0x11, 0x4f, 0x40, 0xb6,
  0xb0, 0x34, 0x5c, 0x38, 0xe8, 0x8a, 0x0b, 0x09, 0xf3, 0x4d, 0xbe, 0x8f,
  0x18, 0x7a, 0x59, 0x65, 0xc6, 0x96, 0xa8, 0x05, 0x06, 0x96, 0x00, 0x00,
  0x00, 0x00, 0x00, 0x00, 0x00, 0x00, 0x00, 0x00, 0x00, 0x00, 0x41, 0xb7,
  0xf1, 0x4d, 0x36, 0x59, 0x74, 0xaa, 0xab, 0x55, 0xbf, 0x8a, 0x69, 0xb2,
  0xcb, 0xa5, 0x55, 0x74, 0x06, 0x2a, 0x73, 0x3d, 0xa7, 0x49, 0x3b, 0x34,
  0x28, 0xec, 0x65, 0xe7, 0x5a, 0x3a, 0x38, 0xda, 0xa8, 0x01, 0x66, 0xab,
  0xc0, 0x00, 0x00, 0x00, 0x00, 0x00, 0x00, 0x00, 0x00, 0x00, 0x00, 0x00,
  0x07, 0xd1, 0x00, 0x1c, 0xca, 0x9a, 0x00, 0x00, 0x00, 0x00, 0x00, 0x00,
  0x00, 0x00, 0x00, 0x00, 0x00, 0x00, 0x66, 0x17, 0xd5, 0xc8, 0xec, 0xa3,
  0x96, 0x2b, 0x1c, 0x2f, 0xab, 0x91, 0xd9, 0x47, 0x2c, 0x55, 0xe6, 0x30,
  0xf8, 0x35, 0x8e, 0xb4, 0xf7, 0x32, 0xee, 0x99, 0x52, 0xc0, 0x0a, 0xa1,
  0x9e, 0x00, 0x00, 0x00, 0x00, 0x00, 0x00, 0x00, 0x00, 0x00, 0x00, 0x01,
  0xb4, 0x1b, 0x4f, 0xd1, 0x51, 0xb5, 0x71, 0x9d, 0x6b, 0x3b, 0x14, 0x54,
  0xab, 0x57, 0x19, 0xd6, 0xb3, 0xb1, 0x45, 0x75, 0xa6, 0x0e, 0xe6, 0x9b,
  0xaf, 0x47, 0x46, 0xcc, 0x39, 0x8b, 0x77, 0xf3, 0xa5, 0xe7, 0x5e, 0xad,
  0xa9, 0x00, 0x4c, 0x22, 0x00, 0x00, 0x00, 0x00, 0x00, 0x00, 0x00, 0x00,
  0x00, 0x00, 0x00, 0x69, 0x2d, 0x3c, 0x63, 0x4b, 0xc1, 0x93, 0x43, 0x76,
  0xd2, 0x5a, 0x78, 0xc6, 0x97, 0x83, 0x26, 0x86, 0x9f, 0x87, 0x39, 0xa6,
  0x75, 0xa1, 0x95, 0x74, 0xcb, 0x9d, 0x1e, 0x28, 0xe0, 0x29, 0x64, 0x80,
  0x00, 0x00, 0x00, 0x00, 0x00, 0x00, 0x00, 0x00, 0x00, 0x00, 0x00, 0x03,
  0x43, 0x75, 0x3e, 0x71, 0x56, 0xcd, 0xcd, 0xce, 0x69, 0xdb, 0x8b, 0xa9,
  0xf3, 0x8a, 0xb6, 0x6e, 0x6e, 0x73, 0x4e, 0xe9, 0xbc, 0x5f, 0xf1, 0x7e,
  0xef, 0xd6, 0xdb, 0xa9, 0xd8, 0x58, 0xaf, 0xe2, 0xb5, 0xd7, 0xad, 0xb7,
  0x50, 0x03, 0x71, 0x6f, 0xc0, 0x00, 0x00, 0x00, 0x00, 0x00, 0x00, 0x00,
  0x00, 0x00, 0x00, 0x20, 0x5b, 0x58, 0x1a, 0x2e, 0x1c, 0x74, 0x45, 0x3d,
  0x02, 0xda, 0xc0, 0xd1, 0x70, 0xe3, 0xa2, 0x28, 0x2c, 0x27, 0xcd, 0x36,
  0xfa, 0x3c, 0x61, 0xe9, 0x65, 0x97, 0x1a, 0x5a, 0xa0, 0x14, 0x1a, 0x58,
  0x00, 0x00, 0x00, 0x00, 0x00, 0x00, 0x00, 0x00, 0x00, 0x00, 0x00, 0x01,
  0x06, 0xdf, 0xc5, 0x34, 0xd9, 0x65, 0xd2, 0xaa, 0xad, 0x56, 0xfe, 0x29,
  0xa6, 0xcb, 0x2e, 0x95, 0x55, 0xd0, 0x18, 0xa9, 0xcc, 0xf6, 0x9d, 0x24,
  0xec, 0xd0, 0xa3, 0xb1, 0x97, 0x9d, 0x68, 0xe8, 0xe3, 0x6a, 0xa0, 0x05,
  0x9a, 0xaf, 0x00, 0x00, 0x00, 0x00, 0x00, 0x00, 0x00, 0x00, 0x00, 0x00,
  0x00, 0x00, 0x1f, 0x44, 0x00, 0x73, 0x2a, 0x68, 0x00, 0x00, 0x00, 0x00,
  0x00, 0x00, 0x00, 0x00, 0x00, 0x00, 0x00, 0x01, 0x98, 0x5f, 0x57, 0x23,
  0xb2, 0x8e, 0x58, 0xac, 0x70, 0xbe, 0xae, 0x47, 0x65, 0x1c, 0xb1, 0x57,
  0x98, 0xc3, 0xe0, 0xd6, 0x3a, 0xd3, 0xdc, 0xcb, 0xba, 0x65, 0x4b, 0x00,
  0x2a, 0x86, 0x78, 0x00, 0x00, 0x00, 0x00, 0x00, 0x00, 0x00, 0x00, 0x00,
  0x00, 0x06, 0xd0, 0x6d, 0x3f, 0x45, 0x46, 0xd5, 0xc6, 0x75, 0xac, 0xec,
  0x51, 0x52, 0xad, 0x5c, 0x67, 0x5a, 0xce, 0xc5, 0x15, 0xd6, 0x98, 0x3b,
  0x9a, 0x6e, 0xbd, 0x1d, 0x1b, 0x30, 0xe6, 0x2d, 0xdf, 0xce, 0x97, 0x9d,
  0x7a, 0xb6, 0xa4, 0x01, 0x30, 0x88, 0x00, 0x00, 0x00, 0x00, 0x00, 0x00,
  0x00, 0x00, 0x00, 0x00, 0x01, 0xa4, 0xb4, 0xf1, 0x8d, 0x2f, 0x06, 0x4d,
  0x0d, 0xdb, 0x49, 0x69, 0xe3, 0x1a, 0x5e, 0x0c, 0x9a, 0x1a, 0x7e, 0x1c,
  0xe6, 0x99, 0xd6, 0x86, 0x55, 0xd3, 0x2e, 0x74, 0x78, 0xa3, 0x80, 0xa5,
  0x92, 0x00, 0x00, 0x00, 0x00, 0x00, 0x00, 0x00, 0x00, 0x00, 0x00, 0x00,
  0x00, 0x0d, 0x0d, 0xd4, 0xf9, 0xc5, 0x5b, 0x37, 0x37, 0x39, 0xa7, 0x6e,
  0x2e, 0xa7, 0xce, 0x2a, 0xd9, 0xb9, 0xb9, 0xcd, 0x3b, 0xa6, 0xf1, 0x7f,
  0xc5, 0xfb, 0xbf, 0x5b, 0x6e, 0xa7, 0x61, 0x62, 0xbf, 0x8a, 0xd7, 0x5e,
  0xb6, 0xdd, 0x40, 0x0d, 0xc5, 0xbf, 0x00, 0x00, 0x00, 0x00, 0x00, 0x00,
  0x00, 0x00, 0x00, 0x00, 0x00, 0x81, 0x6d, 0x60, 0x68, 0xb8, 0x71, 0xd1,
  0x14, 0xf4, 0x0b, 0x6b, 0x03, 0x45, 0xc3, 0x8e, 0x88, 0xa0, 0xb0, 0x9f,
  0x34, 0xdb, 0xe8, 0xf1, 0x87, 0xa5, 0x96, 0x5c, 0x69, 0x6a, 0x80, 0x50,
  0x69, 0x60, 0x00, 0x00, 0x00, 0x00, 0x00, 0x00, 0x00, 0x00, 0x00, 0x00,
  0x00, 0x04, 0x1b, 0x7f, 0x14, 0xd3, 0x65, 0x97, 0x4a, 0xaa, 0xb5, 0x5b,
  0xf8, 0xa6, 0x9b, 0x2c, 0xba, 0x55, 0x57, 0x40, 0x62, 0xa7, 0x33, 0xda,
  0x74, 0x93, 0xb3, 0x42, 0x8e, 0xc6, 0x5e, 0x75, 0xa3, 0xa3, 0x8d, 0xaa,
  0x80, 0x16, 0x6a, 0xbc, 0x00, 0x00, 0x00, 0x00, 0x00, 0x00, 0x00, 0x00,
  0x00, 0x00, 0x00, 0x00, 0x7d, 0x10, 0x01, 0xcc, 0xa9, 0xa0, 0x00, 0x00,
  0x00, 0x00, 0x00, 0x00, 0x00, 0x00, 0x00, 0x00, 0x00, 0x06, 0x61, 0x7d,
  0x5c, 0x8e, 0xca, 0x39, 0x62, 0xb1, 0xc2, 0xfa, 0xb9, 0x1d, 0x94, 0x72,
  0xc5, 0x5e, 0x63, 0x0f, 0x83, 0x58, 0xeb, 0x4f, 0x73, 0x2e, 0xe9, 0x95,
  0x2c, 0x00, 0xaa, 0x19, 0xe0, 0x00, 0x00, 0x00, 0x00, 0x00, 0x00, 0x00,
  0x00, 0x00, 0x00, 0x1b, 0x41, 0xb4, 0xfd, 0x15, 0x1b, 0x57, 0x19, 0xd6,
  0xb3, 0xb1, 0x45, 0x4a, 0xb5, 0x71, 0x9d, 0x6b, 0x3b, 0x14, 0x57, 0x5a,
  0x60, 0xee, 0x69, 0xba, 0xf4, 0x74, 0x6c, 0xc3, 0x98, 0xb7, 0x7f, 0x3a,
  0x5e, 0x75, 0xea, 0xda, 0x90, 0x04, 0xc2, 0x20, 0x00, 0x00, 0x00, 0x00,
  0x00, 0x00, 0x00, 0x00, 0x00, 0x00, 0x06, 0x92, 0xd3, 0xc6, 0x34, 0xbc,
  0x19, 0x34, 0x37, 0x6d, 0x25, 0xa7, 0x8c, 0x69, 0x78, 0x32, 0x68, 0x69,
  0xf8, 0x73, 0x9a, 0x67, 0x5a, 0x19, 0x57, 0x4c, 0xb9, 0xd1, 0xe2, 0x8e,
  0x02, 0x96, 0x48, 0x00, 0x00, 0x00, 0x00, 0x00, 0x00, 0x00, 0x00, 0x00,
  0x00, 0x00, 0x00, 0x34, 0x37, 0x53, 0xe7, 0x15, 0x6c, 0xdc, 0xdc, 0xe6,
  0x9d, 0xb8, 0xba, 0x9f, 0x38, 0xab, 0x66, 0xe6, 0xe7, 0x34, 0xee, 0x9b,
  0xc5, 0xff, 0x00, 0x17, 0xee, 0xfd, 0x6d, 0xba, 0x9d, 0x85, 0x8a, 0xfe,
  0x2b, 0x5d, 0x7a, 0xdb, 0x75, 0x00, 0x37, 0x16, 0xfc, 0x00, 0x00, 0x00,
  0x00, 0x00, 0x00, 0x00, 0x00, 0x00, 0x00, 0x02, 0x05, 0xb5, 0x81, 0xa2,
  0xe1, 0xc7, 0x44, 0x53, 0xd0, 0x2d, 0xac, 0x0d, 0x17, 0x0e, 0x3a, 0x22,
  0x82, 0xc2, 0x7c, 0xd3, 0x6f, 0xa3, 0xc6, 0x1e, 0x96, 0x59, 0x71, 0xa5,
  0xaa, 0x01, 0x41, 0xa5, 0x80, 0x00, 0x00, 0x00, 0x00, 0x00, 0x00, 0x00,
  0x00, 0x00, 0x00, 0x00, 0x10, 0x6d, 0xfc, 0x53, 0x4d, 0x96, 0x5d, 0x2a,
  0xaa, 0xd5, 0x6f, 0xe2, 0x9a, 0x6c, 0xb2, 0xe9, 0x55, 0x5d, 0x01, 0x8a,
  0x9c, 0xcf, 0x69, 0xd2, 0x4e, 0xcd, 0x0a, 0x3b, 0x19, 0x79, 0xd6, 0x8e,
  0x8e, 0x36, 0xaa, 0x00, 0x59, 0xaa, 0xf0, 0x00, 0x00, 0x00, 0x00, 0x00,
  0x00, 0x00, 0x00, 0x00, 0x00, 0x00, 0x01, 0xf4, 0x40, 0x07, 0x32, 0xa6,
  0x80, 0x00, 0x00, 0x00, 0x00, 0x00, 0x00, 0x00, 0x00, 0x00, 0x00, 0x00,
  0x19, 0x85, 0xf5, 0x72, 0x3b, 0x28, 0xe5, 0x8a, 0xc7, 0x0b, 0xea, 0xe4,
  0x76, 0x51, 0xcb, 0x15, 0x79, 0x8c, 0x3e, 0x0d, 0x63, 0xad, 0x3d, 0xcc,
  0xbb, 0xa6, 0x54, 0xb0, 0x02, 0xa8, 0x67, 0x80, 0x00, 0x00, 0x00, 0x00,
  0x00, 0x00, 0x00, 0x00, 0x00, 0x00, 0x6d, 0x06, 0xd3, 0xf4, 0x54, 0x6d,
  0x5c, 0x67, 0x5a, 0xce, 0xc5, 0x15, 0x2a, 0xd5, 0xc6, 0x75, 0xac, 0xec,
  0x51, 0x5d, 0x69, 0x83, 0xb9, 0xa6, 0xeb, 0xd1, 0xd1, 0xb3, 0x0e, 0x62,
  0xdd, 0xfc, 0xe9, 0x79, 0xd7, 0xab, 0x6a, 0x40, 0x13, 0x08, 0x80, 0x00,
  0x00, 0x00, 0x00, 0x00, 0x00, 0x00, 0x00, 0x00, 0x00, 0x1a, 0x4b, 0x4f,
  0x18, 0xd2, 0xf0, 0x64, 0xd0, 0xdd, 0xb4, 0x96, 0x9e, 0x31, 0xa5, 0xe0,
  0xc9, 0xa1, 0xa7, 0xe1, 0xce, 0x69, 0x9d, 0x68, 0x65, 0x5d, 0x32, 0xe7,
  0x47, 0x8a, 0x38, 0x0a, 0x59, 0x20, 0x00, 0x00, 0x00, 0x00, 0x00, 0x00,
  0x00, 0x00, 0x00, 0x00, 0x00, 0x00, 0xd0, 0xdd, 0x4f, 0x9c, 0x55, 0xb3,
  0x73, 0x73, 0x9a, 0x76, 0xe2, 0xea, 0x7c, 0xe2, 0xad, 0x9b, 0x9b, 0x9c,
  0xd3, 0xba, 0x6f, 0x17, 0xfc, 0x5f, 0xbb, 0xf5, 0xb6, 0xea, 0x76, 0x16,
  0x2b, 0xf8, 0xad, 0x75, 0xeb, 0x6d, 0xd4, 0x00, 0xdc, 0x5b, 0xf0, 0x00,
  0x00, 0x00, 0x00, 0x00, 0x00, 0x00, 0x00, 0x00, 0x00, 0x08, 0x16, 0xd6,
  0x06, 0x8b, 0x87, 0x1d, 0x11, 0x4f, 0x40, 0xb6, 0xb0, 0x34, 0x5c, 0x38,
  0xe8, 0x8a, 0x0b, 0x09, 0xf3, 0x4d, 0xbe, 0x8f, 0x18, 0x7a, 0x59, 0x65,
  0xc6, 0x96, 0xa8, 0x05, 0x06, 0x96, 0x00, 0x00, 0x00, 0x00, 0x00, 0x00,
  0x00, 0x00, 0x00, 0x00, 0x00, 0x00, 0x41, 0xb7, 0xf1, 0x4d, 0x36, 0x59,
  0x74, 0xaa, 0xab, 0x55, 0xbf, 0x8a, 0x69, 0xb2, 0xcb, 0xa5, 0x55, 0x74,
  0x06, 0x2a, 0x73, 0x3d, 0xa7, 0x49, 0x3b, 0x34, 0x28, 0xec, 0x65, 0xe7,
  0x5a, 0x3a, 0x38, 0xda, 0xa8, 0x01, 0x66, 0xab, 0xc0, 0x00, 0x00, 0x00,
  0x00, 0x00, 0x00, 0x00, 0x00, 0x00, 0x00, 0x00, 0x07, 0xd1, 0x00, 0x1c,
  0xca, 0x9a, 0x00, 0x00, 0x00, 0x00, 0x00, 0x00, 0x00, 0x00, 0x00, 0x00,
  0x00, 0x00, 0x66, 0x17, 0xd5, 0xc8, 0xec, 0xa3, 0x96, 0x2b, 0x1c, 0x2f,
  0xab, 0x91, 0xd9, 0x47, 0x2c, 0x55, 0xe6, 0x30, 0xf8, 0x35, 0x8e, 0xb4,
  0xf7, 0x32, 0xee, 0x99, 0x52, 0xc0, 0x0a, 0xa1, 0x9e, 0x00, 0x00, 0x00,
  0x00, 0x00, 0x00, 0x00, 0x00, 0x00, 0x00, 0x01, 0xb4, 0x1b, 0x4f, 0xd1,
  0x51, 0xb5, 0x71, 0x9d, 0x6b, 0x3b, 0x14, 0x54, 0xab, 0x57, 0x19, 0xd6,
  0xb3, 0xb1, 0x45, 0x75, 0xa6, 0x0e, 0xe6, 0x9b, 0xaf, 0x47, 0x46, 0xcc,
  0x39, 0x8b, 0x77, 0xf3, 0xa5, 0xe7, 0x5e, 0xad, 0xa9, 0x00, 0x4c, 0x22,
  0x00, 0x00, 0x00, 0x00, 0x00, 0x00, 0x00, 0x00, 0x00, 0x00, 0x00, 0x69,
  0x2d, 0x3c, 0x63, 0x4b, 0xc1, 0x93, 0x43, 0x76, 0xd2, 0x5a, 0x78, 0xc6,
  0x97, 0x83, 0x26, 0x86, 0x9f, 0x87, 0x39, 0xa6, 0x75, 0xa1, 0x95, 0x74,
  0xcb, 0x9d, 0x1e, 0x28, 0xe0, 0x29, 0x64, 0x80, 0x00, 0x00, 0x00, 0x00,
  0x00, 0x00, 0x00, 0x00, 0x00, 0x00, 0x00, 0x03, 0x43, 0x75, 0x3e, 0x71,
  0x56, 0xcd, 0xcd, 0xce, 0x69, 0xdb, 0x8b, 0xa9, 0xf3, 0x8a, 0xb6, 0x6e,
  0x6e, 0x73, 0x4e, 0xe9, 0xbc, 0x5f, 0xf1, 0x7e, 0xef, 0xd6, 0xdb, 0xa9,
  0xd8, 0x58, 0xaf, 0xe2, 0xb5, 0xd7, 0xad, 0xb7, 0x50, 0x03, 0x71, 0x6f,
  0xc0, 0x00, 0x00, 0x00, 0x00, 0x00, 0x00, 0x00, 0x00, 0x00, 0x00, 0x20,
  0x5b, 0x58, 0x1a, 0x2e, 0x1c, 0x74, 0x45, 0x3d, 0x02, 0xda, 0xc0, 0xd1,
  0x70, 0xe3, 0xa2, 0x28, 0x2c, 0x27, 0xcd, 0x36, 0xfa, 0x3c, 0x61, 0xe9,
  0x65, 0x97, 0x1a, 0x5a, 0xa0, 0x14, 0x1a, 0x58, 0x00, 0x00, 0x00, 0x00,
  0x00, 0x00, 0x00, 0x00, 0x00, 0x00, 0x00, 0x01, 0x06, 0xdf, 0xc5, 0x34,
  0xd9, 0x65, 0xd2, 0xaa, 0xad, 0x56, 0xfe, 0x29, 0xa6, 0xcb, 0x2e, 0x95,
  0x55, 0xd0, 0x18, 0xa9, 0xcc, 0xf6, 0x9d, 0x24, 0xec, 0xd0, 0xa3, 0xb1,
  0x97, 0x9d, 0x68, 0xe8, 0xe3, 0x6a, 0xa0, 0x05, 0x9a, 0xaf, 0x00, 0x00,
  0x00, 0x00, 0x00, 0x00, 0x00, 0x00, 0x00, 0x00, 0x00, 0x00, 0x1f, 0x44,
  0x00, 0x73, 0x2a, 0x68, 0x00, 0x00, 0x00, 0x00, 0x00, 0x00, 0x00, 0x00,
  0x00, 0x00, 0x00, 0x01, 0x98, 0x5f, 0x57, 0x23, 0xb2, 0x8e, 0x58, 0xac,
  0x70, 0xbe, 0xae, 0x47, 0x65, 0x1c, 0xb1, 0x57, 0x98, 0xc3, 0xe0, 0xd6,
  0x3a, 0xd3, 0xdc, 0xcb, 0xba, 0x65, 0x4b, 0x00, 0x2a, 0x86, 0x78, 0x00,
  0x00, 0x00, 0x00, 0x00, 0x00, 0x00, 0x00, 0x00, 0x00, 0x06, 0xd0, 0x6d,
  0x3f, 0x45, 0x46, 0xd5, 0xc6, 0x75, 0xac, 0xec, 0x51, 0x52, 0xad, 0x5c,
  0x67, 0x5a, 0xce, 0xc5, 0x15, 0xd6, 0x98, 0x3b, 0x9a, 0x6e, 0xbd, 0x1d,
  0x1b, 0x30, 0xe6, 0x2d, 0xdf, 0xce, 0x97, 0x9d, 0x7a, 0xb6, 0xa4, 0x01,
  0x30, 0x88, 0x00, 0x00, 0x00, 0x00, 0x00, 0x00, 0x00, 0x00, 0x00, 0x00,
  0x01, 0xa4, 0xb4, 0xf1, 0x8d, 0x2f, 0x06, 0x4d, 0x0d, 0xdb, 0x49, 0x69,
  0xe3, 0x1a, 0x5e, 0x0c, 0x9a, 0x1a, 0x7e, 0x1c, 0xe6, 0x99, 0xd6, 0x86,
  0x55, 0xd3, 0x2e, 0x74, 0x78, 0xa3, 0x80, 0xa5, 0x92, 0x00, 0x00, 0x00,
  0x00, 0x00, 0x00, 0x00, 0x00, 0x00, 0x00, 0x00, 0x00, 0x0d, 0x0d, 0xd4,
  0xf9, 0xc5, 0x5b, 0x37, 0x37, 0x39, 0xa7, 0x6e, 0x2e, 0xa7, 0xce, 0x2a,
  0xd9, 0xb9, 0xb9, 0xcd, 0x3b, 0xa6, 0xf1, 0x7f, 0xc5, 0xfb, 0xbf, 0x5b,
  0x6e, 0xa7, 0x61, 0x62, 0xbf, 0x8a, 0xd7, 0x5e, 0xb6, 0xdd, 0x40, 0x0d,
  0xc5, 0xbf, 0x00, 0x00, 0x00, 0x00, 0x00, 0x00, 0x00, 0x00, 0x00, 0x00,
  0x00, 0x81, 0x6d, 0x60, 0x68, 0xb8, 0x71, 0xd1, 0x14, 0xf4, 0x0b, 0x6b,
  0x03, 0x45, 0xc3, 0x8e, 0x88, 0xa0, 0xb0, 0x9f, 0x34, 0xdb, 0xe8, 0xf1,
  0x87, 0xa5, 0x96, 0x5c, 0x69, 0x6a, 0x80, 0x50, 0x69, 0x60, 0x00, 0x00,
  0x00, 0x00, 0x00, 0x00, 0x00, 0x00, 0x00, 0x00, 0x00, 0x04, 0x1b, 0x7f,
  0x14, 0xd3, 0x65, 0x97, 0x4a, 0xaa, 0xb5, 0x5b, 0xf8, 0xa6, 0x9b, 0x2c,
  0xba, 0x55, 0x57, 0x40, 0x62, 0xa7, 0x33, 0xda, 0x74, 0x93, 0xb3, 0x42,
  0x8e, 0xc6, 0x5e, 0x75, 0xa3, 0xa3, 0x8d, 0xaa, 0x80, 0x16, 0x6a, 0xbc,
  0x00, 0x00, 0x00, 0x00, 0x00, 0x00, 0x00, 0x00, 0x00, 0x00, 0x00, 0x00,
  0x7d, 0x10, 0x01, 0xcc, 0xa9, 0xa0, 0x00, 0x00, 0x00, 0x00, 0x00, 0x00,
  0x00, 0x00, 0x00, 0x00, 0x00, 0x06, 0x61, 0x7d, 0x5c, 0x8e, 0xca, 0x39,
  0x62, 0xb1, 0xc2, 0xfa, 0xb9, 0x1d, 0x94, 0x72, 0xc5, 0x5e, 0x63, 0x0f,
  0x83, 0x58, 0xeb, 0x4f, 0x73, 0x2e, 0xe9, 0x95, 0x2c, 0x00, 0xaa, 0x19,
  0xe0, 0x00, 0x00, 0x00, 0x00, 0x00, 0x00, 0x00, 0x00, 0x00, 0x00, 0x1b,
  0x41, 0xb4, 0xfd, 0x15, 0x1b, 0x57, 0x19, 0xd6, 0xb3, 0xb1, 0x45, 0x4a,
  0xb5, 0x71, 0x9d, 0x6b, 0x3b, 0x14, 0x57, 0x5a, 0x60, 0xee, 0x69, 0xba,
  0xf4, 0x74, 0x6c, 0xc3, 0x98, 0xb7, 0x7f, 0x3a, 0x5e, 0x75, 0xea, 0xda,
  0x90, 0x04, 0xc2, 0x20, 0x00, 0x00, 0x00, 0x00, 0x00, 0x00, 0x00, 0x00,
  0x00, 0x00, 0x06, 0x92, 0xd3, 0xc6, 0x34, 0xbc, 0x19, 0x34, 0x37, 0x6d,
  0x25, 0xa7, 0x8c, 0x69, 0x78, 0x32, 0x68, 0x69, 0xf8, 0x73, 0x9a, 0x67,
  0x5a, 0x19, 0x57, 0x4c, 0xb9, 0xd1, 0xe2, 0x8e, 0x02, 0x96, 0x48, 0x00,
  0x00, 0x00, 0x00, 0x00, 0x00, 0x00, 0x00, 0x00, 0x00, 0x00, 0x00, 0x34,
  0x37, 0x53, 0xe7, 0x15, 0x6c, 0xdc, 0xdc, 0xe6, 0x9d, 0xb8, 0xba, 0x9f,
  0x38, 0xab, 0x66, 0xe6, 0xe7, 0x34, 0xee, 0x9b, 0xc5, 0xff, 0x00, 0x17,
  0xee, 0xfd, 0x6d, 0xba, 0x9d, 0x85, 0x8a, 0xfe, 0x2b, 0x5d, 0x7a, 0xdb,
  0x75, 0x00, 0x37, 0x16, 0xfc, 0x00, 0x00, 0x00, 0x00, 0x00, 0x00, 0x00,
  0x00, 0x00, 0x00, 0x02, 0x05, 0xb5, 0x81, 0xa2, 0xe1, 0xc7, 0x44, 0x53,
  0xd0, 0x2d, 0xac, 0x0d, 0x17, 0x0e, 0x3a, 0x22, 0x82, 0xc2, 0x7c, 0xd3,
  0x6f, 0xa3, 0xc6, 0x1e, 0x96, 0x59, 0x71, 0xa5, 0xaa, 0x01, 0x41, 0xa5,
  0x80, 0x00, 0x00, 0x00, 0x00, 0x00, 0x00, 0x00, 0x00, 0x00, 0x00, 0x00,
  0x10, 0x6d, 0xfc, 0x53, 0x4d, 0x96, 0x5d, 0x2a, 0xaa, 0xd5, 0x6f, 0xe2,
  0x9a, 0x6c, 0xb2, 0xe9, 0x55, 0x5d, 0x01, 0x8a, 0x9c, 0xcf, 0x69, 0xd2,
  0x4e, 0xcd, 0x0a, 0x3b, 0x19, 0x79, 0xd6, 0x8e, 0x8e, 0x36, 0xaa, 0x00,
  0x59, 0xaa, 0xf0, 0x00, 0x00, 0x00, 0x00, 0x00, 0x00, 0x00, 0x00, 0x00,
  0x00, 0x00, 0x01, 0xf4, 0x40, 0x07, 0x32, 0xa6, 0x80, 0x00, 0x00, 0x00,
  0x00, 0x00, 0x00, 0x00, 0x00, 0x00, 0x00, 0x00, 0x19, 0x85, 0xf5, 0x72,
  0x3b, 0x28, 0xe5, 0x8a, 0xc7, 0x0b, 0xea, 0xe4, 0x76, 0x51, 0xcb, 0x15,
  0x79, 0x8c, 0x3e, 0x0d, 0x63, 0xad, 0x3d, 0xcc, 0xbb, 0xa6, 0x54, 0xb0,
  0x02, 0xa8, 0x67, 0x80, 0x00, 0x00, 0x00, 0x00, 0x00, 0x00, 0x00, 0x00,
  0x00, 0x00, 0x6d, 0x06, 0xd3, 0xf4, 0x54, 0x6d, 0x5c, 0x67, 0x5a, 0xce,
  0xc5, 0x15, 0x2a, 0xd5, 0xc6, 0x75, 0xac, 0xec, 0x51, 0x5d, 0x69, 0x83,
  0xb9, 0xa6, 0xeb, 0xd1, 0xd1, 0xb3, 0x0e, 0x62, 0xdd, 0xfc, 0xe9, 0x79,
  0xd7, 0xab, 0x6a, 0x40, 0x13, 0x08, 0x80, 0x00, 0x00, 0x00, 0x00, 0x00,
  0x00, 0x00, 0x00, 0x00, 0x00, 0x1a, 0x4b, 0x4f, 0x18, 0xd2, 0xf0, 0x64,
  0xd0, 0xdd, 0xb4, 0x96, 0x9e, 0x31, 0xa5, 0xe0, 0xc9, 0xa1, 0xa7, 0xe1,
  0xce, 0x69, 0x9d, 0x68, 0x65, 0x5d, 0x32, 0xe7, 0x47, 0x8a, 0x38, 0x0a,
  0x59, 0x20, 0x00, 0x00, 0x00, 0x00, 0x00, 0x00, 0x00, 0x00, 0x00, 0x00,
  0x00, 0x00, 0xd0, 0xdd, 0x4f, 0x9c, 0x55, 0xb3, 0x73, 0x73, 0x9a, 0x76,
  0xe2, 0xea, 0x7c, 0xe2, 0xad, 0x9b, 0x9b, 0x9c, 0xd3, 0xba, 0x6f, 0x17,
  0xfc, 0x5f, 0xbb, 0xf5, 0xb6, 0xea, 0x76, 0x16, 0x2b, 0xf8, 0xad, 0x75,
  0xeb, 0x6d, 0xd4, 0x00, 0xdc, 0x5b, 0xf0, 0x00, 0x00, 0x00, 0x00, 0x00,
  0x00, 0x00, 0x00, 0x00, 0x00, 0x08, 0x16, 0xd6, 0x06, 0x8b, 0x87, 0x1d,
  0x11, 0x4f, 0x40, 0xb6, 0xb0, 0x34, 0x5c, 0x38, 0xe8, 0x8a, 0x0b, 0x09,
  0xf3, 0x4d, 0xbe, 0x8f, 0x18, 0x7a, 0x59, 0x65, 0xc6, 0x96, 0xa8, 0x05,
  0x06, 0x96, 0x00, 0x00, 0x00, 0x00, 0x00, 0x00, 0x00, 0x00, 0x00, 0x00,
  0x00, 0x00, 0x41, 0xb7, 0xf1, 0x4d, 0x36, 0x59, 0x74, 0xaa, 0xab, 0x55,
  0xbf, 0x8a, 0x69, 0xb2, 0xcb, 0xa5, 0x55, 0x74, 0x06, 0x2a, 0x73, 0x3d,
  0xa7, 0x49, 0x3b, 0x34, 0x28, 0xec, 0x65, 0xe7, 0x5a, 0x3a, 0x38, 0xda,
  0xa8, 0x01, 0x66, 0xab, 0xc0, 0x00, 0x00, 0x00, 0x00, 0x00, 0x00, 0x00,
  0x00, 0x00, 0x00, 0x00, 0x07, 0xd1, 0x00, 0x1c, 0xca, 0x9a, 0x00, 0x00,
  0x00, 0x00, 0x00, 0x00, 0x00, 0x00, 0x00, 0x00, 0x00, 0x00, 0x66, 0x17,
  0xd5, 0xc8, 0xec, 0xa3, 0x96, 0x2b, 0x1c, 0x2f, 0xab, 0x91, 0xd9, 0x47,
  0x2c, 0x55, 0xe6, 0x30, 0xf8, 0x35, 0x8e, 0xb4, 0xf7, 0x32, 0xee, 0x99,
  0x52, 0xc0, 0x0a, 0xa1, 0x9e, 0x00, 0x00, 0x00, 0x00, 0x00, 0x00, 0x00,
  0x00, 0x00, 0x00, 0x01, 0xb4, 0x1b, 0x4f, 0xd1, 0x51, 0xb5, 0x71, 0x9d,
  0x6b, 0x3b, 0x14, 0x54, 0xab, 0x57, 0x19, 0xd6, 0xb3, 0xb1, 0x45, 0x75,
  0xa6, 0x0e, 0xe6, 0x9b, 0xaf, 0x47, 0x46, 0xcc, 0x39, 0x8b, 0x77, 0xf3,
  0xa5, 0xe7, 0x5e, 0xad, 0xa9, 0x00, 0x4c, 0x22, 0x00, 0x00, 0x00, 0x00,
  0x00, 0x00, 0x00, 0x00, 0x00, 0x00, 0x00, 0x69, 0x2d, 0x3c, 0x63, 0x4b,
  0xc1, 0x93, 0x43, 0x76, 0xd2, 0x5a, 0x78, 0xc6, 0x97, 0x83, 0x26, 0x86,
  0x9f, 0x87, 0x39, 0xa6, 0x75, 0xa1, 0x95, 0x74, 0xcb, 0x9d, 0x1e, 0x28,
  0xe0, 0x29, 0x64, 0x80, 0x00, 0x00, 0x00, 0x00, 0x00, 0x00, 0x00, 0x00,
  0x00, 0x00, 0x00, 0x03, 0x43, 0x75, 0x3e, 0x71, 0x56, 0xcd, 0xcd, 0xce,
  0x69, 0xdb, 0x8b, 0xa9, 0xf3, 0x8a, 0xb6, 0x6e, 0x6e, 0x73, 0x4e, 0xe9,
  0xbc, 0x5f, 0xf1, 0x7e, 0xef, 0xd6, 0xdb, 0xa9, 0xd8, 0x58, 0xaf, 0xe2,
  0xb5, 0xd7, 0xad, 0xb7, 0x50, 0x03, 0x71, 0x6f, 0xc0, 0x00, 0x00, 0x00,
  0x00, 0x00, 0x00, 0x00, 0x00, 0x00, 0x00, 0x20, 0x5b, 0x58, 0x1a, 0x2e,
  0x1c, 0x74, 0x45, 0x3d, 0x02, 0xda, 0xc0, 0xd1, 0x70, 0xe3, 0xa2, 0x28,
  0x2c, 0x27, 0xcd, 0x36, 0xfa, 0x3c, 0x61, 0xe9, 0x65, 0x97, 0x1a, 0x5a,
  0xa0, 0x14, 0x1a, 0x58, 0x00, 0x00, 0x00, 0x00, 0x00, 0x00, 0x00, 0x00,
  0x00, 0x00, 0x00, 0x01, 0x06, 0xdf, 0xc5, 0x34, 0xd9, 0x65, 0xd2, 0xaa,
  0xad, 0x56, 0xfe, 0x29, 0xa6, 0xcb, 0x2e, 0x95, 0x55, 0xd0, 0x18, 0xa9,
  0xcc, 0xf6, 0x9d, 0x24, 0xec, 0xd0, 0xa3, 0xb1, 0x97, 0x9d, 0x68, 0xe8,
  0xe3, 0x6a, 0xa0, 0x05, 0x9a, 0xaf, 0x00, 0x00, 0x00, 0x00, 0x00, 0x00,
  0x00, 0x00, 0x00, 0x00, 0x00, 0x00, 0x1f, 0x44, 0x00, 0x73, 0x2a, 0x68,
  0x00, 0x00, 0x00, 0x00, 0x00, 0x00, 0x00, 0x00, 0x00, 0x00, 0x00, 0x01,
  0x98, 0x5f, 0x57, 0x23, 0xb2, 0x8e, 0x58, 0xac, 0x70, 0xbe, 0xae, 0x47,
  0x65, 0x1c, 0xb1, 0x57, 0x98, 0xc3, 0xe0, 0xd6, 0x3a, 0xd3, 0xdc, 0xcb,
  0xba, 0x65, 0x4b, 0x00, 0x2a, 0x86, 0x78, 0x00, 0x00, 0x00, 0x00, 0x00,
  0x00, 0x00, 0x00, 0x00, 0x00, 0x06, 0xd0, 0x6d, 0x3f, 0x45, 0x46, 0xd5,
  0xc6, 0x75, 0xac, 0xec, 0x51, 0x52, 0xad, 0x5c, 0x67, 0x5a, 0xce, 0xc5,
  0x15, 0xd6, 0x98, 0x3b, 0x9a, 0x6e, 0xbd, 0x1d, 0x1b, 0x30, 0xe6, 0x2d,
  0xdf, 0xce, 0x97, 0x9d, 0x7a, 0xb6, 0xa4, 0x01, 0x30, 0x88, 0x00, 0x00,
  0x00, 0x00, 0x00, 0x00, 0x00, 0x00, 0x00, 0x00, 0x01, 0xa4, 0xb4, 0xf1,
  0x8d, 0x2f, 0x06, 0x4d, 0x0d, 0xdb, 0x49, 0x69, 0xe3, 0x1a, 0x5e, 0x0c,
  0x9a, 0x1a, 0x7e, 0x1c, 0xe6, 0x99, 0xd6, 0x86, 0x55, 0xd3, 0x2e, 0x74,
  0x78, 0xa3, 0x80, 0xa5, 0x92, 0x00, 0x00, 0x00, 0x00, 0x00, 0x00, 0x00,
  0x00, 0x00, 0x00, 0x00, 0x00, 0x0d, 0x0d, 0xd4, 0xf9, 0xc5, 0x5b, 0x37,
  0x37, 0x39, 0xa7, 0x6e, 0x2e, 0xa7, 0xce, 0x2a, 0xd9, 0xb9, 0xb9, 0xcd,
  0x3b, 0xa6, 0xf1, 0x7f, 0xc5, 0xfb, 0xbf, 0x5b, 0x6e, 0xa7, 0x61, 0x62,
  0xbf, 0x8a, 0xd7, 0x5e, 0xb6, 0xdd, 0x40, 0x0d, 0xc5, 0xbf, 0x00, 0x00,
  0x00, 0x00, 0x00, 0x00, 0x00, 0x00, 0x00, 0x00, 0x00, 0x81, 0x6d, 0x60,
  0x68, 0xb8, 0x71, 0xd1, 0x14, 0xf4, 0x0b, 0x6b, 0x03, 0x45, 0xc3, 0x8e,
  0x88, 0xa0, 0xb0, 0x9f, 0x34, 0xdb, 0xe8, 0xf1, 0x87, 0xa5, 0x96, 0x5c,
  0x69, 0x6a, 0x80, 0x50, 0x69, 0x60, 0x00, 0x00, 0x00, 0x00, 0x00, 0x00,
  0x00, 0x00, 0x00, 0x00, 0x00, 0x04, 0x1b, 0x7f, 0x14, 0xd3, 0x65, 0x97,
  0x4a, 0xaa, 0xb5, 0x5b, 0xf8, 0xa6, 0x9b, 0x2c, 0xba, 0x55, 0x57, 0x40,
  0x62, 0xa7, 0x33, 0xda, 0x74, 0x93, 0xb3, 0x42, 0x8e, 0xc6, 0x5e, 0x75,
  0xa3, 0xa3, 0x8d, 0xaa, 0x80, 0x16, 0x6a, 0xbc, 0x00, 0x00, 0x00, 0x00,
  0x00, 0x00, 0x00, 0x00, 0x00, 0x00, 0x00, 0x00, 0x7d, 0x10, 0x01, 0xcc,
  0xa9, 0xa0, 0x00, 0x00, 0x00, 0x00, 0x00, 0x00, 0x00, 0x00, 0x00, 0x00,
  0x00, 0x06, 0x61, 0x7d, 0x5c, 0x8e, 0xca, 0x39, 0x62, 0xb1, 0xc2, 0xfa,
  0xb9, 0x1d, 0x94, 0x72, 0xc5, 0x5e, 0x63, 0x0f, 0x83, 0x58, 0xeb, 0x4f,
  0x73, 0x2e, 0xe9, 0x95, 0x2c, 0x00, 0xaa, 0x19, 0xe0, 0x00, 0x00, 0x00,
  0x00, 0x00, 0x00, 0x00, 0x00, 0x00, 0x00, 0x1b, 0x41, 0xb4, 0xfd, 0x15,
  0x1b, 0x57, 0x19, 0xd6, 0xb3, 0xb1, 0x45, 0x4a, 0xb5, 0x71, 0x9d, 0x6b,
  0x3b, 0x14, 0x57, 0x5a, 0x60, 0xee, 0x69, 0xba, 0xf4, 0x74, 0x6c, 0xc3,
  0x98, 0xb7, 0x7f, 0x3a, 0x5e, 0x75, 0xea, 0xda, 0x90, 0x04, 0xc2, 0x20,
  0x00, 0x00, 0x00, 0x00, 0x00, 0x00, 0x00, 0x00, 0x00, 0x00, 0x06, 0x92,
  0xd3, 0xc6, 0x34, 0xbc, 0x19, 0x34, 0x37, 0x6d, 0x25, 0xa7, 0x8c, 0x69,
  0x78, 0x32, 0x68, 0x69, 0xf8, 0x73, 0x9a, 0x67, 0x5a, 0x19, 0x57, 0x4c,
  0xb9, 0xd1, 0xe2, 0x8e, 0x02, 0x96, 0x48, 0x00, 0x00, 0x00, 0x00, 0x00,
  0x00, 0x00, 0x00, 0x00, 0x00, 0x00, 0x00, 0x34, 0x37, 0x53, 0xe7, 0x15,
  0x6c, 0xdc, 0xdc, 0xe6, 0x9d, 0xb8, 0xba, 0x9f, 0x38, 0xab, 0x66, 0xe6,
  0xe7, 0x34, 0xee, 0x9b, 0xc5, 0xff, 0x00, 0x17, 0xee, 0xfd, 0x6d, 0xba,
  0x9d, 0x85, 0x8a, 0xfe, 0x2b, 0x5d, 0x7a, 0xdb, 0x75, 0x00, 0x37, 0x16,
  0xfc, 0x00, 0x00, 0x00, 0x00, 0x00, 0x00, 0x00, 0x00, 0x00, 0x00, 0x02,
  0x05, 0xb5, 0x81, 0xa2, 0xe1, 0xc7, 0x44, 0x53, 0xd0, 0x2d, 0xac, 0x0d,
  0x17, 0x0e, 0x3a, 0x22, 0x82, 0xc2, 0x7c, 0xd3, 0x6f, 0xa3, 0xc6, 0x1e,
  0x96, 0x59, 0x71, 0xa5, 0xaa, 0x01, 0x41, 0xa5, 0x80, 0x00, 0x00, 0x00,
  0x00, 0x00, 0x00, 0x00, 0x00, 0x00, 0x00, 0x00, 0x10, 0x6d, 0xfc, 0x53,
  0x4d, 0x96, 0x5d, 0x2a, 0xaa, 0xd5, 0x6f, 0xe2, 0x9a, 0x6c, 0xb2, 0xe9,
  0x55, 0x5d, 0x01, 0x8a, 0x9c, 0xcf, 0x69, 0xd2, 0x4e, 0xcd, 0x0a, 0x3b,
  0x19, 0x79, 0xd6, 0x8e, 0x8e, 0x36, 0xaa, 0x00, 0x59, 0xaa, 0xf0, 0x00,
  0x00, 0x00, 0x00, 0x00, 0x00, 0x00, 0x00, 0x00, 0x00, 0x00, 0x01, 0xf4,
  0x40, 0x07, 0x32, 0xa6, 0x80, 0x00, 0x00, 0x00, 0x00, 0x00, 0x00, 0x00,
  0x00, 0x00, 0x00, 0x00, 0x19, 0x85, 0xf5, 0x72, 0x3b, 0x28, 0xe5, 0x8a,
  0xc7, 0x0b, 0xea, 0xe4, 0x76, 0x51, 0xcb, 0x15, 0x79, 0x8c, 0x3e, 0x0d,
  0x63, 0xad, 0x3d, 0xcc, 0xbb, 0xa6, 0x54, 0xb0, 0x02, 0xa8, 0x67, 0x80,
  0x00, 0x00, 0x00, 0x00, 0x00, 0x00, 0x00, 0x00, 0x00, 0x00, 0x6d, 0x06,
  0xd3, 0xf4, 0x54, 0x6d, 0x5c, 0x67, 0x5a, 0xce, 0xc5, 0x15, 0x2a, 0xd5,
  0xc6, 0x75, 0xac, 0xec, 0x51, 0x5d, 0x69, 0x83, 0xb9, 0xa6, 0xeb, 0xd1,
  0xd1, 0xb3, 0x0e, 0x62, 0xdd, 0xfc, 0xe9, 0x79, 0xd7, 0xab, 0x6a, 0x40,
  0x13, 0x08, 0x80, 0x00, 0x00, 0x00, 0x00, 0x00, 0x00, 0x00, 0x00, 0x00,
  0x00, 0x1a, 0x4b, 0x4f, 0x18, 0xd2, 0xf0, 0x64, 0xd0, 0xdd, 0xb4, 0x96,
  0x9e, 0x31, 0xa5, 0xe0, 0xc9, 0xa1, 0xa7, 0xe1, 0xce, 0x69, 0x9d, 0x68,
  0x65, 0x5d, 0x32, 0xe7, 0x47, 0x8a, 0x38, 0x0a, 0x59, 0x20, 0x00, 0x00,
  0x00, 0x00, 0x00, 0x00, 0x00, 0x00, 0x00, 0x00, 0x00, 0x00, 0xd0, 0xdd,
  0x4f, 0x9c, 0x55, 0xb3, 0x73, 0x73, 0x9a, 0x76, 0xe2, 0xea, 0x7c, 0xe2,
  0xad, 0x9b, 0x9b, 0x9c, 0xd3, 0xba, 0x6f, 0x17, 0xfc, 0x5f, 0xbb, 0xf5,
  0xb6, 0xea, 0x76, 0x16, 0x2b, 0xf8, 0xad, 0x75, 0xeb, 0x6d, 0xd4, 0x00,
  0xdc, 0x5b, 0xf0, 0x00, 0x00, 0x00, 0x00, 0x00, 0x00, 0x00, 0x00, 0x00,
  0x00, 0x08, 0x16, 0xd6, 0x06, 0x8b, 0x87, 0x1d, 0x11, 0x4f, 0x40, 0xb6,
  0xb0, 0x34, 0x5c, 0x38, 0xe8, 0x8a, 0x0b, 0x09, 0xf3, 0x4d, 0xbe, 0x8f,
  0x18, 0x7a, 0x59, 0x65, 0xc6, 0x96, 0xa8, 0x05, 0x06, 0x96, 0x00, 0x00,
  0x00, 0x00, 0x00, 0x00, 0x00, 0x00, 0x00, 0x00, 0x00, 0x00, 0x41, 0xb7,
  0xf1, 0x4d, 0x36, 0x59, 0x74, 0xaa, 0xab, 0x55, 0xbf, 0x8a, 0x69, 0xb2,
  0xcb, 0xa5, 0x55, 0x74, 0x06, 0x2a, 0x73, 0x3d, 0xa7, 0x49, 0x3b, 0x34,
  0x28, 0xec, 0x65, 0xe7, 0x5a, 0x3a, 0x38, 0xda, 0xa8, 0x01, 0x66, 0xab,
  0xc0, 0x00, 0x00, 0x00, 0x00, 0x00, 0x00, 0x00, 0x00, 0x00, 0x00, 0x00,
  0x07, 0xd1, 0x00, 0x1c, 0xca, 0x9a, 0x00, 0x00, 0x00, 0x00, 0x00, 0x00,
  0x00, 0x00, 0x00, 0x00, 0x00, 0x00, 0x66, 0x17, 0xd5, 0xc8, 0xec, 0xa3,
  0x96, 0x2b, 0x1c, 0x2f, 0xab, 0x91, 0xd9, 0x47, 0x2c, 0x55, 0xe6, 0x30,
  0xf8, 0x35, 0x8e, 0xb4, 0xf7, 0x32, 0xee, 0x99, 0x52, 0xc0, 0x0a, 0xa1,
  0x9e, 0x00, 0x00, 0x00, 0x00, 0x00, 0x00, 0x00, 0x00, 0x00, 0x00, 0x01,
  0xb4, 0x1b, 0x4f, 0xd1, 0x51, 0xb5, 0x71, 0x9d, 0x6b, 0x3b, 0x14, 0x54,
  0xab, 0x57, 0x19, 0xd6, 0xb3, 0xb1, 0x45, 0x75, 0xa6, 0x0e, 0xe6, 0x9b,
  0xaf, 0x47, 0x46, 0xcc, 0x39, 0x8b, 0x77, 0xf3, 0xa5, 0xe7, 0x5e, 0xad,
  0xa9, 0x00, 0x4c, 0x22, 0x00, 0x00, 0x00, 0x00, 0x00, 0x00, 0x00, 0x00,
  0x00, 0x00, 0x00, 0x69, 0x2d, 0x3c, 0x63, 0x4b, 0xc1, 0x93, 0x43, 0x76,
  0xd2, 0x5a, 0x78, 0xc6, 0x97, 0x83, 0x26, 0x86, 0x9f, 0x87, 0x39, 0xa6,
  0x75, 0xa1, 0x95, 0x74, 0xcb, 0x9d, 0x1e, 0x28, 0xe0, 0x29, 0x64, 0x80,
  0x00, 0x00, 0x00, 0x00, 0x00, 0x00, 0x00, 0x00, 0x00, 0x00, 0x00, 0x03,
  0x43, 0x75, 0x3e, 0x71, 0x56, 0xcd, 0xcd, 0xce, 0x69, 0xdb, 0x8b, 0xa9,
  0xf3, 0x8a, 0xb6, 0x6e, 0x6e, 0x73, 0x4e, 0xe9, 0xbc, 0x5f, 0xf1, 0x7e,
  0xef, 0xd6, 0xdb, 0xa9, 0xd8, 0x58, 0xaf, 0xe2, 0xb5, 0xd7, 0xad, 0xb7,
  0x50, 0x03, 0x71, 0x6f, 0xc0, 0x00, 0x00, 0x00, 0x00, 0x00, 0x00, 0x00,
  0x00, 0x00, 0x00, 0x20, 0x5b, 0x58, 0x1a, 0x2e, 0x1c, 0x74, 0x45, 0x3d,
  0x02, 0xda, 0xc0, 0xd1, 0x70, 0xe3, 0xa2, 0x28, 0x2c, 0x27, 0xcd, 0x36,
  0xfa, 0x3c, 0x61, 0xe9, 0x65, 0x97, 0x1a, 0x5a, 0xa0, 0x14, 0x1a, 0x58,
  0x00, 0x00, 0x00, 0x00, 0x00, 0x00, 0x00, 0x00, 0x00, 0x00, 0x00, 0x01,
  0x06, 0xdf, 0xc5, 0x34, 0xd9, 0x65, 0xd2, 0xaa, 0xad, 0x56, 0xfe, 0x29,
  0xa6, 0xcb, 0x2e, 0x95, 0x55, 0xd0, 0x18, 0xa9, 0xcc, 0xf6, 0x9d, 0x24,
  0xec, 0xd0, 0xa3, 0xb1, 0x97, 0x9d, 0x68, 0xe8, 0xe3, 0x6a, 0xa0, 0x05,
  0x9a, 0xaf, 0x00, 0x00, 0x00, 0x00, 0x00, 0x00, 0x00, 0x00, 0x00, 0x00,
  0x00, 0x00, 0x1f, 0x44, 0x00, 0x73, 0x2a, 0x68, 0x00, 0x00, 0x00, 0x00,
  0x00, 0x00, 0x00, 0x00, 0x00, 0x00, 0x00, 0x01, 0x98, 0x5f, 0x57, 0x23,
  0xb2, 0x8e, 0x58, 0xac, 0x70, 0xbe, 0xae, 0x47, 0x65, 0x1c, 0xb1, 0x57,
  0x98, 0xc3, 0xe0, 0xd6, 0x3a, 0xd3, 0xdc, 0xcb, 0xba, 0x65, 0x4b, 0x00,
  0x2a, 0x86, 0x78, 0x00, 0x00, 0x00, 0x00, 0x00, 0x00, 0x00, 0x00, 0x00,
  0x00, 0x06, 0xd0, 0x6d, 0x3f, 0x45, 0x46, 0xd5, 0xc6, 0x75, 0xac, 0xec,
  0x51, 0x52, 0xad, 0x5c, 0x67, 0x5a, 0xce, 0xc5, 0x15, 0xd6, 0x98, 0x3b,
  0x9a, 0x6e, 0xbd, 0x1d, 0x1b, 0x30, 0xe6, 0x2d, 0xdf, 0xce, 0x97, 0x9d,
  0x7a, 0xb6, 0xa4, 0x01, 0x30, 0x88, 0x00, 0x00, 0x00, 0x00, 0x00, 0x00,
  0x00, 0x00, 0x00, 0x00, 0x01, 0xa4, 0xb4, 0xf1, 0x8d, 0x2f, 0x06, 0x4d,
  0x0d, 0xdb, 0x49, 0x69, 0xe3, 0x1a, 0x5e, 0x0c, 0x9a, 0x1a, 0x7e, 0x1c,
  0xe6, 0x99, 0xd6, 0x86, 0x55, 0xd3, 0x2e, 0x74, 0x78, 0xa3, 0x80, 0xa5,
  0x92, 0x00, 0x00, 0x00, 0x00, 0x00, 0x00, 0x00, 0x00, 0x00, 0x00, 0x00,
  0x00, 0x0d, 0x0d, 0xd4, 0xf9, 0xc5, 0x5b, 0x37, 0x37, 0x39, 0xa7, 0x6e,
  0x2e, 0xa7, 0xce, 0x2a, 0xd9, 0xb9, 0xb9, 0xcd, 0x3b, 0xa6, 0xf1, 0x7f,
  0xc5, 0xfb, 0xbf, 0x5b, 0x6e, 0xa7, 0x61, 0x62, 0xbf, 0x8a, 0xd7, 0x5e,
  0xb6, 0xdd, 0x40, 0x0d, 0xc5, 0xbf, 0x00, 0x00, 0x00, 0x00, 0x00, 0x00,
  0x00, 0x00, 0x00, 0x00, 0x00, 0x81, 0x6d, 0x60, 0x68, 0xb8, 0x71, 0xd1,
  0x14, 0xf4, 0x0b, 0x6b, 0x03, 0x45, 0xc3, 0x8e, 0x88, 0xa0, 0xb0, 0x9f,
  0x34, 0xdb, 0xe8, 0xf1, 0x87, 0xa5, 0x96, 0x5c, 0x69, 0x6a, 0x80, 0x50,
  0x69, 0x60, 0x00, 0x00, 0x00, 0x00, 0x00, 0x00, 0x00, 0x00, 0x00, 0x00,
  0x00, 0x04, 0x1b, 0x7f, 0x14, 0xd3, 0x65, 0x97, 0x4a, 0xaa, 0xb5, 0x5b,
  0xf8, 0xa6, 0x9b, 0x2c, 0xba, 0x55, 0x57, 0x40, 0x62, 0xa7, 0x33, 0xda,
  0x74, 0x93, 0xb3, 0x42, 0x8e, 0xc6, 0x5e, 0x75, 0xa3, 0xa3, 0x8d, 0xaa,
  0x80, 0x16, 0x6a, 0xbc, 0x00, 0x00, 0x00, 0x00, 0x00, 0x00, 0x00, 0x00,
  0x00, 0x00, 0x00, 0x00, 0x7d, 0x10, 0x01, 0xcc, 0xa9, 0xa0, 0x00, 0x00,
  0x00, 0x00, 0x00, 0x00, 0x00, 0x00, 0x00, 0x00, 0x00, 0x06, 0x61, 0x7d,
  0x5c, 0x8e, 0xca, 0x39, 0x62, 0xb1, 0xc2, 0xfa, 0xb9, 0x1d, 0x94, 0x72,
  0xc5, 0x5e, 0x63, 0x0f, 0x83, 0x58, 0xeb, 0x4f, 0x73, 0x2e, 0xe9, 0x95,
  0x2c, 0x00, 0xaa, 0x19, 0xe0, 0x00, 0x00, 0x00, 0x00, 0x00, 0x00, 0x00,
  0x00, 0x00, 0x00, 0x1b, 0x41, 0xb4, 0xfd, 0x15, 0x1b, 0x57, 0x19, 0xd6,
  0xb3, 0xb1, 0x45, 0x4a, 0xb5, 0x71, 0x9d, 0x6b, 0x3b, 0x14, 0x57, 0x5a,
  0x60, 0xee, 0x69, 0xba, 0xf4, 0x74, 0x6c, 0xc3, 0x98, 0xb7, 0x7f, 0x3a,
  0x5e, 0x75, 0xea, 0xda, 0x90, 0x04, 0xc2, 0x20, 0x00, 0x00, 0x00, 0x00,
  0x00, 0x00, 0x00, 0x00, 0x00, 0x00, 0x06, 0x92, 0xd3, 0xc6, 0x34, 0xbc,
  0x19, 0x34, 0x37, 0x6d, 0x25, 0xa7, 0x8c, 0x69, 0x78, 0x32, 0x68, 0x69,
  0xf8, 0x73, 0x9a, 0x67, 0x5a, 0x19, 0x57, 0x4c, 0xb9, 0xd1, 0xe2, 0x8e,
  0x02, 0x96, 0x48, 0x00, 0x00, 0x00, 0x00, 0x00, 0x00, 0x00, 0x00, 0x00,
  0x00, 0x00, 0x00, 0x34, 0x37, 0x53, 0xe7, 0x15, 0x6c, 0xdc, 0xdc, 0xe6,
  0x9d, 0xb8, 0xba, 0x9f, 0x38, 0xab, 0x66, 0xe6, 0xe7, 0x34, 0xee, 0x9b,
  0xc5, 0xff, 0x00, 0x17, 0xee, 0xfd, 0x6d, 0xba, 0x9d, 0x85, 0x8a, 0xfe,
  0x2b, 0x5d, 0x7a, 0xdb, 0x75, 0x00, 0x37, 0x16, 0xfc, 0x00, 0x00, 0x00,
  0x00, 0x00, 0x00, 0x00, 0x00, 0x00, 0x00, 0x02, 0x05, 0xb5, 0x81, 0xa2,
  0xe1, 0xc7, 0x44, 0x53, 0xd0, 0x2d, 0xac, 0x0d, 0x17, 0x0e, 0x3a, 0x22,
  0x82, 0xc2, 0x7c, 0xd3, 0x6f, 0xa3, 0xc6, 0x1e, 0x96, 0x59, 0x71, 0xa5,
  0xaa, 0x01, 0x41, 0xa5, 0x80, 0x00, 0x00, 0x00, 0x00, 0x00, 0x00, 0x00,
  0x00, 0x00, 0x00, 0x00, 0x10, 0x6d, 0xfc, 0x53, 0x4d, 0x96, 0x5d, 0x2a,
  0xaa, 0xd5, 0x6f, 0xe2, 0x9a, 0x6c, 0xb2, 0xe9, 0x55, 0x5d, 0x01, 0x8a,
  0x9c, 0xcf, 0x69, 0xd2, 0x4e, 0xcd, 0x0a, 0x3b, 0x19, 0x79, 0xd6, 0x8e,
  0x8e, 0x36, 0xaa, 0x00, 0x59, 0xaa, 0xf0, 0x00, 0x00, 0x00, 0x00, 0x00,
  0x00, 0x00, 0x00, 0x00, 0x00, 0x00, 0x01, 0xf4, 0x40, 0x07, 0x32, 0xa6,
  0x80, 0x00, 0x00, 0x00, 0x00, 0x00, 0x00, 0x00, 0x00, 0x00, 0x00, 0x00,
  0x19, 0x85, 0xf5, 0x72, 0x3b, 0x28, 0xe5, 0x8a, 0xc7, 0x0b, 0xea, 0xe4,
  0x76, 0x51, 0xcb, 0x15, 0x79, 0x8c, 0x3e, 0x0d, 0x63, 0xad, 0x3d, 0xcc,
  0xbb, 0xa6, 0x54, 0xb0, 0x02, 0xa8, 0x67, 0x80, 0x00, 0x00, 0x00, 0x00,
  0x00, 0x00, 0x00, 0x00, 0x00, 0x00, 0x6d, 0x06, 0xd3, 0xf4, 0x54, 0x6d,
  0x5c, 0x67, 0x5a, 0xce, 0xc5, 0x15, 0x2a, 0xd5, 0xc6, 0x75, 0xac, 0xec,
  0x51, 0x5d, 0x69, 0x83, 0xb9, 0xa6, 0xeb, 0xd1, 0xd1, 0xb3, 0x0e, 0x62,
  0xdd, 0xfc, 0xe9, 0x79, 0xd7, 0xab, 0x6a, 0x40, 0x13, 0x08, 0x80, 0x00,
  0x00, 0x00, 0x00, 0x00, 0x00, 0x00, 0x00, 0x00, 0x00, 0x1a, 0x4b, 0x4f,
  0x18, 0xd2, 0xf0, 0x64, 0xd0, 0xdd, 0xb4, 0x96, 0x9e, 0x31, 0xa5, 0xe0,
  0xc9, 0xa1, 0xa7, 0xe1, 0xce, 0x69, 0x9d, 0x68, 0x65, 0x5d, 0x32, 0xe7,
  0x47, 0x8a, 0x38, 0x0a, 0x59, 0x20, 0x00, 0x00, 0x00, 0x00, 0x00, 0x00,
  0x00, 0x00, 0x00, 0x00, 0x00, 0x00, 0xd0, 0xdd, 0x4f, 0x9c, 0x55, 0xb3,
  0x73, 0x73, 0x9a, 0x76, 0xe2, 0xea, 0x7c, 0xe2, 0xad, 0x9b, 0x9b, 0x9c,
  0xd3, 0xba, 0x6f, 0x17, 0xfc, 0x5f, 0xbb, 0xf5, 0xb6, 0xea, 0x76, 0x16,
  0x2b, 0xf8, 0xad, 0x75, 0xeb, 0x6d, 0xd4, 0x00, 0xdc, 0x5b, 0xf0, 0x00,
  0x00, 0x00, 0x00, 0x00, 0x00, 0x00, 0x00, 0x00, 0x00, 0x08, 0x16, 0xd6,
  0x06, 0x8b, 0x87, 0x1d, 0x11, 0x4f, 0x40, 0xb6, 0xb0, 0x34, 0x5c, 0x38,
  0xe8, 0x8a, 0x0b, 0x09, 0xf3, 0x4d, 0xbe, 0x8f, 0x18, 0x7a, 0x59, 0x65,
  0xc6, 0x96, 0xa8, 0x05, 0x06, 0x96, 0x00, 0x00, 0x00, 0x00, 0x00, 0x00,
  0x00, 0x00, 0x00, 0x00, 0x00, 0x00, 0x41, 0xb7, 0xf1, 0x4d, 0x36, 0x59,
  0x74, 0xaa, 0xab, 0x55, 0xbf, 0x8a, 0x69, 0xb2, 0xcb, 0xa5, 0x55, 0x74,
  0x06, 0x2a, 0x73, 0x3d, 0xa7, 0x49, 0x3b, 0x34, 0x28, 0xec, 0x65, 0xe7,
  0x5a, 0x3a, 0x38, 0xda, 0xa8, 0x01, 0x66, 0xab, 0xc0, 0x00, 0x00, 0x00,
  0x00, 0x00, 0x00, 0x00, 0x00, 0x00, 0x00, 0x00, 0x07, 0xd1, 0x00, 0x1c,
  0xca, 0x9a, 0x00, 0x00, 0x00, 0x00, 0x00, 0x00, 0x00, 0x00, 0x00, 0x00,
  0x00, 0x00, 0x66, 0x17, 0xd5, 0xc8, 0xec, 0xa3, 0x96, 0x2b, 0x1c, 0x2f,
  0xab, 0x91, 0xd9, 0x47, 0x2c, 0x55, 0xe6, 0x30, 0xf8, 0x35, 0x8e, 0xb4,
  0xf7, 0x32, 0xee, 0x99, 0x52, 0xc0, 0x0a, 0xa1, 0x9e, 0x00, 0x00, 0x00,
  0x00, 0x00, 0x00, 0x00, 0x00, 0x00, 0x00, 0x01, 0xb4, 0x1b, 0x4f, 0xd1,
  0x51, 0xb5, 0x71, 0x9d, 0x6b, 0x3b, 0x14, 0x54, 0xab, 0x57, 0x19, 0xd6,
  0xb3, 0xb1, 0x45, 0x75, 0xa6, 0x0e, 0xe6, 0x9b, 0xaf, 0x47, 0x46, 0xcc,
  0x39, 0x8b, 0x77, 0xf3, 0xa5, 0xe7, 0x5e, 0xad, 0xa9, 0x00, 0x4c, 0x22,
  0x00, 0x00, 0x00, 0x00, 0x00, 0x00, 0x00, 0x00, 0x00, 0x00, 0x00, 0x69,
  0x2d, 0x3c, 0x63, 0x4b, 0xc1, 0x93, 0x43, 0x76, 0xd2, 0x5a, 0x78, 0xc6,
  0x97, 0x83, 0x26, 0x86, 0x9f, 0x87, 0x39, 0xa6, 0x75, 0xa1, 0x95, 0x74,
  0xcb, 0x9d, 0x1e, 0x28, 0xe0, 0x29, 0x64, 0x80, 0x00, 0x00, 0x00, 0x00,
  0x00, 0x00, 0x00, 0x00, 0x00, 0x00, 0x00, 0x03, 0x43, 0x75, 0x3e, 0x71,
  0x56, 0xcd, 0xcd, 0xce, 0x69, 0xdb, 0x8b, 0xa9, 0xf3, 0x8a, 0xb6, 0x6e,
  0x6e, 0x73, 0x4e, 0xe9, 0xbc, 0x5f, 0xf1, 0x7e, 0xef, 0xd6, 0xdb, 0xa9,
  0xd8, 0x58, 0xaf, 0xe2, 0xb5, 0xd7, 0xad, 0xb7, 0x50, 0x03, 0x71, 0x6f,
  0xc0, 0x00, 0x00, 0x00, 0x00, 0x00, 0x00, 0x00, 0x00, 0x00, 0x00, 0x20,
  0x5b, 0x58, 0x1a, 0x2e, 0x1c, 0x74, 0x45, 0x3d, 0x02, 0xda, 0xc0, 0xd1,
  0x70, 0xe3, 0xa2, 0x28, 0x2c, 0x27, 0xcd, 0x36, 0xfa, 0x3c, 0x61, 0xe9,
  0x65, 0x97, 0x1a, 0x5a, 0xa0, 0x14, 0x1a, 0x58, 0x00, 0x00, 0x00, 0x00,
  0x00, 0x00, 0x00, 0x00, 0x00, 0x00, 0x00, 0x01, 0x06, 0xdf, 0xc5, 0x34,
  0xd9, 0x65, 0xd2, 0xaa, 0xad, 0x56, 0xfe, 0x29, 0xa6, 0xcb, 0x2e, 0x95,
  0x55, 0xd0, 0x18, 0xa9, 0xcc, 0xf6, 0x9d, 0x24, 0xec, 0xd0, 0xa3, 0xb1,
  0x97, 0x9d, 0x68, 0xe8, 0xe3, 0x6a, 0xa0, 0x05, 0x9a, 0xaf, 0x00, 0x00,
  0x00, 0x00, 0x00, 0x00, 0x00, 0x00, 0x00, 0x00, 0x00, 0x00, 0x1f, 0x44,
  0x00, 0x73, 0x2a, 0x68, 0x00, 0x00, 0x00, 0x00, 0x00, 0x00, 0x00, 0x00,
  0x00, 0x00, 0x00, 0x01, 0x98, 0x5f, 0x57, 0x23, 0xb2, 0x8e, 0x58, 0xac,
  0x70, 0xbe, 0xae, 0x47, 0x65, 0x1c, 0xb1, 0x57, 0x98, 0xc3, 0xe0, 0xd6,
  0x3a, 0xd3, 0xdc, 0xcb, 0xba, 0x65, 0x4b, 0x00, 0x2a, 0x86, 0x78, 0x00,
  0x00, 0x00, 0x00, 0x00, 0x00, 0x00, 0x00, 0x00, 0x00, 0x06, 0xd0, 0x6d,
  0x3f, 0x45, 0x46, 0xd5, 0xc6, 0x75, 0xac, 0xec, 0x51, 0x52, 0xad, 0x5c,
  0x67, 0x5a, 0xce, 0xc5, 0x15, 0xd6, 0x98, 0x3b, 0x9a, 0x6e, 0xbd, 0x1d,
  0x1b, 0x30, 0xe6, 0x2d, 0xdf, 0xce, 0x97, 0x9d, 0x7a, 0xb6, 0xa4, 0x01,
  0x30, 0x88, 0x00, 0x00, 0x00, 0x00, 0x00, 0x00, 0x00, 0x00, 0x00, 0x00,
  0x01, 0xa4, 0xb4, 0xf1, 0x8d, 0x2f, 0x06, 0x4d, 0x0d, 0xdb, 0x49, 0x69,
  0xe3, 0x1a, 0x5e, 0x0c, 0x9a, 0x1a, 0x7e, 0x1c, 0xe6, 0x99, 0xd6, 0x86,
  0x55, 0xd3, 0x2e, 0x74, 0x78, 0xa3, 0x80, 0xa5, 0x92, 0x00, 0x00, 0x00,
  0x00, 0x00, 0x00, 0x00, 0x00, 0x00, 0x00, 0x00, 0x00, 0x0d, 0x0d, 0xd4,
  0xf9, 0xc5, 0x5b, 0x37, 0x37, 0x39, 0xa7, 0x6e, 0x2e, 0xa7, 0xce, 0x2a,
  0xd9, 0xb9, 0xb9, 0xcd, 0x3b, 0xa6, 0xf1, 0x7f, 0xc5, 0xfb, 0xbf, 0x5b,
  0x6e, 0xa7, 0x61, 0x62, 0xbf, 0x8a, 0xd7, 0x5e, 0xb6, 0xdd, 0x40, 0x0d,
  0xc5, 0xbf, 0x00, 0x00, 0x00, 0x00, 0x00, 0x00, 0x00, 0x00, 0x00, 0x00,
  0x00, 0x81, 0x6d, 0x60, 0x68, 0xb8, 0x71, 0xd1, 0x14, 0xf4, 0x0b, 0x6b,
  0x03, 0x45, 0xc3, 0x8e, 0x88, 0xa0, 0xb0, 0x9f, 0x34, 0xdb, 0xe8, 0xf1,
  0x87, 0xa5, 0x96, 0x5c, 0x69, 0x6a, 0x80, 0x50, 0x69, 0x60, 0x00, 0x00,
  0x00, 0x00, 0x00, 0x00, 0x00, 0x00, 0x00, 0x00, 0x00, 0x04, 0x1b, 0x7f,
  0x14, 0xd3, 0x65, 0x97, 0x4a, 0xaa, 0xb5, 0x5b, 0xf8, 0xa6, 0x9b, 0x2c,
  0xba, 0x55, 0x57, 0x40, 0x62, 0xa7, 0x33, 0xda, 0x74, 0x93, 0xb3, 0x42,
  0x8e, 0xc6, 0x5e, 0x75, 0xa3, 0xa3, 0x8d, 0xaa, 0x80, 0x16, 0x6a, 0xbc,
  0x00, 0x00, 0x00, 0x00, 0x00, 0x00, 0x00, 0x00, 0x00, 0x00, 0x00, 0x00,
  0x7d, 0x10, 0x01, 0xcc, 0xa9, 0xa0, 0x00, 0x00, 0x00, 0x00, 0x00, 0x00,
  0x00, 0x00, 0x00, 0x00, 0x00, 0x06, 0x61, 0x7d, 0x5c, 0x8e, 0xca, 0x39,
  0x62, 0xb1, 0xc2, 0xfa, 0xb9, 0x1d, 0x94, 0x72, 0xc5, 0x5e, 0x63, 0x0f,
  0x83, 0x58, 0xeb, 0x4f, 0x73, 0x2e, 0xe9, 0x95, 0x2c, 0x00, 0xaa, 0x19,
  0xe0, 0x00, 0x00, 0x00, 0x00, 0x00, 0x00, 0x00, 0x00, 0x00, 0x00, 0x1b,
  0x41, 0xb4, 0xfd, 0x15, 0x1b, 0x57, 0x19, 0xd6, 0xb3, 0xb1, 0x45, 0x4a,
  0xb5, 0x71, 0x9d, 0x6b, 0x3b, 0x14, 0x57, 0x5a, 0x60, 0xee, 0x69, 0xba,
  0xf4, 0x74, 0x6c, 0xc3, 0x98, 0xb7, 0x7f, 0x3a, 0x5e, 0x75, 0xea, 0xda,
  0x90, 0x04, 0xc2, 0x20, 0x00, 0x00, 0x00, 0x00, 0x00, 0x00, 0x00, 0x00,
  0x00, 0x00, 0x06, 0x92, 0xd3, 0xc6, 0x34, 0xbc, 0x19, 0x34, 0x37, 0x6d,
  0x25, 0xa7, 0x8c, 0x69, 0x78, 0x32, 0x68, 0x69, 0xf8, 0x73, 0x9a, 0x67,
  0x5a, 0x19, 0x57, 0x4c, 0xb9, 0xd1, 0xe2, 0x8e, 0x02, 0x96, 0x48, 0x00,
  0x00, 0x00, 0x00, 0x00, 0x00, 0x00, 0x00, 0x00, 0x00, 0x00, 0x00, 0x34,
  0x37, 0x53, 0xe7, 0x15, 0x6c, 0xdc, 0xdc, 0xe6, 0x9d, 0xb8, 0xba, 0x9f,
  0x38, 0xab, 0x66, 0xe6, 0xe7, 0x34, 0xee, 0x9b, 0xc5, 0xff, 0x00, 0x17,
  0xee, 0xfd, 0x6d, 0xba, 0x9d, 0x85, 0x8a, 0xfe, 0x2b, 0x5d, 0x7a, 0xdb,
  0x75, 0x00, 0x37, 0x16, 0xfc, 0x00, 0x00, 0x00, 0x00, 0x00, 0x00, 0x00,
  0x00, 0x00, 0x00, 0x02, 0x05, 0xb5, 0x81, 0xa2, 0xe1, 0xc7, 0x44, 0x53,
  0xd0, 0x2d, 0xac, 0x0d, 0x17, 0x0e, 0x3a, 0x22, 0x82, 0xc2, 0x7c, 0xd3,
  0x6f, 0xa3, 0xc6, 0x1e, 0x96, 0x59, 0x71, 0xa5, 0xaa, 0x01, 0x41, 0xa5,
  0x80, 0x00, 0x00, 0x00, 0x00, 0x00, 0x00, 0x00, 0x00, 0x00, 0x00, 0x00,
  0x10, 0x6d, 0xfc, 0x53, 0x4d, 0x96, 0x5d, 0x2a, 0xaa, 0xd5, 0x6f, 0xe2,
  0x9a, 0x6c, 0xb2, 0xe9, 0x55, 0x5d, 0x01, 0x8a, 0x9c, 0xcf, 0x69, 0xd2,
  0x4e, 0xcd, 0x0a, 0x3b, 0x19, 0x79, 0xd6, 0x8e, 0x8e, 0x36, 0xaa, 0x00,
  0x59, 0xaa, 0xf0, 0x00, 0x00, 0x00, 0x00, 0x00, 0x00, 0x00, 0x00, 0x00,
  0x00, 0x00, 0x01, 0xf4, 0x40, 0x07, 0x32, 0xa6, 0x80, 0x00, 0x00, 0x00,
  0x00, 0x00, 0x00, 0x00, 0x00, 0x00, 0x00, 0x00, 0x19, 0x85, 0xf5, 0x72,
  0x3b, 0x28, 0xe5, 0x8a, 0xc7, 0x0b, 0xea, 0xe4, 0x76, 0x51, 0xcb, 0x15,
  0x79, 0x8c, 0x3e, 0x0d, 0x63, 0xad, 0x3d, 0xcc, 0xbb, 0xa6, 0x54, 0xb0,
  0x02, 0xa8, 0x67, 0x80, 0x00, 0x00, 0x00, 0x00, 0x00, 0x00, 0x00, 0x00,
  0x00, 0x00, 0x6d, 0x06, 0xd3, 0xf4, 0x54, 0x6d, 0x5c, 0x67, 0x5a, 0xce,
  0xc5, 0x15, 0x2a, 0xd5, 0xc6, 0x75, 0xac, 0xec, 0x51, 0x5d, 0x69, 0x83,
  0xb9, 0xa6, 0xeb, 0xd1, 0xd1, 0xb3, 0x0e, 0x62, 0xdd, 0xfc, 0xe9, 0x79,
  0xd7, 0xab, 0x6a, 0x40, 0x13, 0x08, 0x80, 0x00, 0x00, 0x00, 0x00, 0x00,
  0x00, 0x00, 0x00, 0x00, 0x00, 0x1a, 0x4b, 0x4f, 0x18, 0xd2, 0xf0, 0x64,
  0xd0, 0xdd, 0xb4, 0x96, 0x9e, 0x31, 0xa5, 0xe0, 0xc9, 0xa1, 0xa7, 0xe1,
  0xce, 0x69, 0x9d, 0x68, 0x65, 0x5d, 0x32, 0xe7, 0x47, 0x8a, 0x38, 0x0a,
  0x59, 0x20, 0x00, 0x00, 0x00, 0x00, 0x00, 0x00, 0x00, 0x00, 0x00, 0x00,
  0x00, 0x00, 0xd0, 0xdd, 0x4f, 0x9c, 0x55, 0xb3, 0x73, 0x73, 0x9a, 0x76,
  0xe2, 0xea, 0x7c, 0xe2, 0xad, 0x9b, 0x9b, 0x9c, 0xd3, 0xba, 0x6f, 0x17,
  0xfc, 0x5f, 0xbb, 0xf5, 0xb6, 0xea, 0x76, 0x16, 0x2b, 0xf8, 0xad, 0x75,
  0xeb, 0x6d, 0xd4, 0x00, 0xdc, 0x5b, 0xf0, 0x00, 0x00, 0x00, 0x00, 0x00,
  0x00, 0x00, 0x00, 0x00, 0x00, 0x08, 0x16, 0xd6, 0x06, 0x8b, 0x87, 0x1d,
  0x11, 0x4f, 0x40, 0xb6, 0xb0, 0x34, 0x5c, 0x38, 0xe8, 0x8a, 0x0b, 0x09,
  0xf3, 0x4d, 0xbe, 0x8f, 0x18, 0x7a, 0x59, 0x65, 0xc6, 0x96, 0xa8, 0x05,
  0x06, 0x96, 0x00, 0x00, 0x00, 0x00, 0x00, 0x00, 0x00, 0x00, 0x00, 0x00,
  0x00, 0x00, 0x41, 0xb7, 0xf1, 0x4d, 0x36, 0x59, 0x74, 0xaa, 0xab, 0x55,
  0xbf, 0x8a, 0x69, 0xb2, 0xcb, 0xa5, 0x55, 0x74, 0x06, 0x2a, 0x73, 0x3d,
  0xa7, 0x49, 0x3b, 0x34, 0x28, 0xec, 0x65, 0xe7, 0x5a, 0x3a, 0x38, 0xda,
  0xa8, 0x01, 0x66, 0xab, 0xc0, 0x00, 0x00, 0x00, 0x00, 0x00, 0x00, 0x00,
  0x00, 0x00, 0x00, 0x00, 0x07, 0xd1, 0x00, 0x1c, 0xca, 0x9a, 0x00, 0x00,
  0x00, 0x00, 0x00, 0x00, 0x00, 0x00, 0x00, 0x00, 0x00, 0x00, 0x66, 0x17,
  0xd5, 0xc8, 0xec, 0xa3, 0x96, 0x2b, 0x1c, 0x2f, 0xab, 0x91, 0xd9, 0x47,
  0x2c, 0x55, 0xe6, 0x30, 0xf8, 0x35, 0x8e, 0xb4, 0xf7, 0x32, 0xee, 0x99,
  0x52, 0xc0, 0x0a, 0xa1, 0x9e, 0x00, 0x00, 0x00, 0x00, 0x00, 0x00, 0x00,
  0x00, 0x00, 0x00, 0x01, 0xb4, 0x1b, 0x4f, 0xd1, 0x51, 0xb5, 0x71, 0x9d,
  0x6b, 0x3b, 0x14, 0x54, 0xab, 0x57, 0x19, 0xd6, 0xb3, 0xb1, 0x45, 0x75,
  0xa6, 0x0e, 0xe6, 0x9b, 0xaf, 0x47, 0x46, 0xcc, 0x39, 0x8b, 0x77, 0xf3,
  0xa5, 0xe7, 0x5e, 0xad, 0xa9, 0x00, 0x4c, 0x22, 0x00, 0x00, 0x00, 0x00,
  0x00, 0x00, 0x00, 0x00, 0x00, 0x00, 0x00, 0x69, 0x2d, 0x3c, 0x63, 0x4b,
  0xc1, 0x93, 0x43, 0x76, 0xd2, 0x5a, 0x78, 0xc6, 0x97, 0x83, 0x26, 0x86,
  0x9f, 0x87, 0x39, 0xa6, 0x75, 0xa1, 0x95, 0x74, 0xcb, 0x9d, 0x1e, 0x28,
  0xe0, 0x29, 0x64, 0x80, 0x00, 0x00, 0x00, 0x00, 0x00, 0x00, 0x00, 0x00,
  0x00, 0x00, 0x00, 0x03, 0x43, 0x75, 0x3e, 0x71, 0x56, 0xcd, 0xcd, 0xce,
  0x69, 0xdb, 0x8b, 0xa9, 0xf3, 0x8a, 0xb6, 0x6e, 0x6e, 0x73, 0x4e, 0xe9,
  0xbc, 0x5f, 0xf1, 0x7e, 0xef, 0xd6, 0xdb, 0xa9, 0xd8, 0x58, 0xaf, 0xe2,
  0xb5, 0xd7, 0xad, 0xb7, 0x50, 0x03, 0x71, 0x6f, 0xc0, 0x00, 0x00, 0x00,
  0x00, 0x00, 0x00, 0x00, 0x00, 0x00, 0x00, 0x20, 0x5b, 0x58, 0x1a, 0x2e,
  0x1c, 0x74, 0x45, 0x3d, 0x02, 0xda, 0xc0, 0xd1, 0x70, 0xe3, 0xa2, 0x28,
  0x2c, 0x27, 0xcd, 0x36, 0xfa, 0x3c, 0x61, 0xe9, 0x65, 0x97, 0x1a, 0x5a,
  0xa0, 0x14, 0x1a, 0x58, 0x00, 0x00, 0x00, 0x00, 0x00, 0x00, 0x00, 0x00,
  0x00, 0x00, 0x00, 0x01, 0x06, 0xdf, 0xc5, 0x34, 0xd9, 0x65, 0xd2, 0xaa,
  0xad, 0x56, 0xfe, 0x29, 0xa6, 0xcb, 0x2e, 0x95, 0x55, 0xd0, 0x18, 0xa9,
  0xcc, 0xf6, 0x9d, 0x24, 0xec, 0xd0, 0xa3, 0xb1, 0x97, 0x9d, 0x68, 0xe8,
  0xe3, 0x6a, 0xa0, 0x05, 0x9a, 0xaf, 0x00, 0x00, 0x00, 0x00, 0x00, 0x00,
  0x00, 0x00, 0x00, 0x00, 0x00, 0x00, 0x1f, 0x44, 0x00, 0x73, 0x2a, 0x68,
  0x00, 0x00, 0x00, 0x00, 0x00, 0x00, 0x00, 0x00, 0x00, 0x00, 0x00, 0x01,
  0x98, 0x5f, 0x57, 0x23, 0xb2, 0x8e, 0x58, 0xac, 0x70, 0xbe, 0xae, 0x47,
  0x65, 0x1c, 0xb1, 0x57, 0x98, 0xc3, 0xe0, 0xd6, 0x3a, 0xd3, 0xdc, 0xcb,
  0xba, 0x65, 0x4b, 0x00, 0x2a, 0x86, 0x78, 0x00, 0x00, 0x00, 0x00, 0x00,
  0x00, 0x00, 0x00, 0x00, 0x00, 0x06, 0xd0, 0x6d, 0x3f, 0x45, 0x46, 0xd5,
  0xc6, 0x75, 0xac, 0xec, 0x51, 0x52, 0xad, 0x5c, 0x67, 0x5a, 0xce, 0xc5,
  0x15, 0xd6, 0x98, 0x3b, 0x9a, 0x6e, 0xbd, 0x1d, 0x1b, 0x30, 0xe6, 0x2d,
  0xdf, 0xce, 0x97, 0x9d, 0x7a, 0xb6, 0xa4, 0x01, 0x30, 0x88, 0x00, 0x00,
  0x00, 0x00, 0x00, 0x00, 0x00, 0x00, 0x00, 0x00, 0x01, 0xa4, 0xb4, 0xf1,
  0x8d, 0x2f, 0x06, 0x4d, 0x0d, 0xdb, 0x49, 0x69, 0xe3, 0x1a, 0x5e, 0x0c,
  0x9a, 0x1a, 0x7e, 0x1c, 0xe6, 0x99, 0xd6, 0x86, 0x55, 0xd3, 0x2e, 0x74,
  0x78, 0xa3, 0x80, 0xa5, 0x92, 0x00, 0x00, 0x00, 0x00, 0x00, 0x00, 0x00,
  0x00, 0x00, 0x00, 0x00, 0x00, 0x0d, 0x0d, 0xd4, 0xf9, 0xc5, 0x5b, 0x37,
  0x37, 0x39, 0xa7, 0x6e, 0x2e, 0xa7, 0xce, 0x2a, 0xd9, 0xb9, 0xb9, 0xcd,
  0x3b, 0xa6, 0xf1, 0x7f, 0xc5, 0xfb, 0xbf, 0x5b, 0x6e, 0xa7, 0x61, 0x62,
  0xbf, 0x8a, 0xd7, 0x5e, 0xb6, 0xdd, 0x40, 0x0d, 0xc5, 0xbf, 0x00, 0x00,
  0x00, 0x00, 0x00, 0x00, 0x00, 0x00, 0x00, 0x00, 0x00, 0x81, 0x6d, 0x60,
  0x68, 0xb8, 0x71, 0xd1, 0x14, 0xf4, 0x0b, 0x6b, 0x03, 0x45, 0xc3, 0x8e,
  0x88, 0xa0, 0xb0, 0x9f, 0x34, 0xdb, 0xe8, 0xf1, 0x87, 0xa5, 0x96, 0x5c,
  0x69, 0x6a, 0x80, 0x50, 0x69, 0x60, 0x00, 0x00, 0x00, 0x00, 0x00, 0x00,
  0x00, 0x00, 0x00, 0x00, 0x00, 0x04, 0x1b, 0x7f, 0x14, 0xd3, 0x65, 0x97,
  0x4a, 0xaa, 0xb5, 0x5b, 0xf8, 0xa6, 0x9b, 0x2c, 0xba, 0x55, 0x57, 0x40,
  0x62, 0xa7, 0x33, 0xda, 0x74, 0x93, 0xb3, 0x42, 0x8e, 0xc6, 0x5e, 0x75,
  0xa3, 0xa3, 0x8d, 0xaa, 0x80, 0x16, 0x6a, 0xbc, 0x00, 0x00, 0x00, 0x00,
  0x00, 0x00, 0x00, 0x00, 0x00, 0x00, 0x00, 0x00, 0x7d, 0x10, 0x01, 0xcc,
  0xa9, 0xa0, 0x00, 0x00, 0x00, 0x00, 0x00, 0x00, 0x00, 0x00, 0x00, 0x00,
  0x00, 0x06, 0x61, 0x7d, 0x5c, 0x8e, 0xca, 0x39, 0x62, 0xb1, 0xc2, 0xfa,
  0xb9, 0x1d, 0x94, 0x72, 0xc5, 0x5e, 0x63, 0x0f, 0x83, 0x58, 0xeb, 0x4f,
  0x73, 0x2e, 0xe9, 0x95, 0x2c, 0x00, 0xaa, 0x19, 0xe0, 0x00, 0x00, 0x00,
  0x00, 0x00, 0x00, 0x00, 0x00, 0x00, 0x00, 0x1b, 0x41, 0xb4, 0xfd, 0x15,
  0x1b, 0x57, 0x19, 0xd6, 0xb3, 0xb1, 0x45, 0x4a, 0xb5, 0x71, 0x9d, 0x6b,
  0x3b, 0x14, 0x57, 0x5a, 0x60, 0xee, 0x69, 0xba, 0xf4, 0x74, 0x6c, 0xc3,
  0x98, 0xb7, 0x7f, 0x3a, 0x5e, 0x75, 0xea, 0xda, 0x90, 0x04, 0xc2, 0x20,
  0x00, 0x00, 0x00, 0x00, 0x00, 0x00, 0x00, 0x00, 0x00, 0x00, 0x06, 0x92,
  0xd3, 0xc6, 0x34, 0xbc, 0x19, 0x34, 0x37, 0x6d, 0x25, 0xa7, 0x8c, 0x69,
  0x78, 0x32, 0x68, 0x69, 0xf8, 0x73, 0x9a, 0x67, 0x5a, 0x19, 0x57, 0x4c,
  0xb9, 0xd1, 0xe2, 0x8e, 0x02, 0x96, 0x48, 0x00, 0x00, 0x00, 0x00, 0x00,
  0x00, 0x00, 0x00, 0x00, 0x00, 0x00, 0x00, 0x34, 0x37, 0x53, 0xe7, 0x15,
  0x6c, 0xdc, 0xdc, 0xe6, 0x9d, 0xb8, 0xba, 0x9f, 0x38, 0xab, 0x66, 0xe6,
  0xe7, 0x34, 0xee, 0x9b, 0xc5, 0xff, 0x00, 0x17, 0xee, 0xfd, 0x6d, 0xba,
  0x9d, 0x85, 0x8a, 0xfe, 0x2b, 0x5d, 0x7a, 0xdb, 0x75, 0x00, 0x37, 0x16,
  0xfc, 0x00, 0x00, 0x00, 0x00, 0x00, 0x00, 0x00, 0x00, 0x00, 0x00, 0x02,
  0x05, 0xb5, 0x81, 0xa2, 0xe1, 0xc7, 0x44, 0x53, 0xd0, 0x2d, 0xac, 0x0d,
  0x17, 0x0e, 0x3a, 0x22, 0x82, 0xc2, 0x7c, 0xd3, 0x6f, 0xa3, 0xc6, 0x1e,
  0x96, 0x59, 0x71, 0xa5, 0xaa, 0x01, 0x41, 0xa5, 0x80, 0x00, 0x00, 0x00,
  0x00, 0x00, 0x00, 0x00, 0x00, 0x00, 0x00, 0x00, 0x10, 0x6d, 0xfc, 0x53,
  0x4d, 0x96, 0x5d, 0x2a, 0xaa, 0xd5, 0x6f, 0xe2, 0x9a, 0x6c, 0xb2, 0xe9,
  0x55, 0x5d, 0x01, 0x8a, 0x9c, 0xcf, 0x69, 0xd2, 0x4e, 0xcd, 0x0a, 0x3b,
  0x19, 0x79, 0xd6, 0x8e, 0x8e, 0x36, 0xaa, 0x00, 0x59, 0xaa, 0xf0, 0x00,
  0x00, 0x00, 0x00, 0x00, 0x00, 0x00, 0x00, 0x00, 0x00, 0x00, 0x01, 0xf4,
  0x40, 0x07, 0x32, 0xa6, 0x80, 0x00, 0x00, 0x00, 0x00, 0x00, 0x00, 0x00,
  0x00, 0x00, 0x00, 0x00, 0x19, 0x85, 0xf5, 0x72, 0x3b, 0x28, 0xe5, 0x8a,
  0xc7, 0x0b, 0xea, 0xe4, 0x76, 0x51, 0xcb, 0x15, 0x79, 0x8c, 0x3e, 0x0d,
  0x63, 0xad, 0x3d, 0xcc, 0xbb, 0xa6, 0x54, 0xb0, 0x02, 0xa8, 0x67, 0x80,
  0x00, 0x00, 0x00, 0x00, 0x00, 0x00, 0x00, 0x00, 0x00, 0x00, 0x6d, 0x06,
  0xd3, 0xf4, 0x54, 0x6d, 0x5c, 0x67, 0x5a, 0xce, 0xc5, 0x15, 0x2a, 0xd5,
  0xc6, 0x75, 0xac, 0xec, 0x51, 0x5d, 0x69, 0x83, 0xb9, 0xa6, 0xeb, 0xd1,
  0xd1, 0xb3, 0x0e, 0x62, 0xdd, 0xfc, 0xe9, 0x79, 0xd7, 0xab, 0x6a, 0x40,
  0x13, 0x08, 0x80, 0x00, 0x00, 0x00, 0x00, 0x00, 0x00, 0x00, 0x00, 0x00,
  0x00, 0x1a, 0x4b, 0x4f, 0x18, 0xd2, 0xf0, 0x64, 0xd0, 0xdd, 0xb4, 0x96,
  0x9e, 0x31, 0xa5, 0xe0, 0xc9, 0xa1, 0xa7, 0xe1, 0xce, 0x69, 0x9d, 0x68,
  0x65, 0x5d, 0x32, 0xe7, 0x47, 0x8a, 0x38, 0x0a, 0x59, 0x20, 0x00, 0x00,
  0x00, 0x00, 0x00, 0x00, 0x00, 0x00, 0x00, 0x00, 0x00, 0x00, 0xd0, 0xdd,
  0x4f, 0x9c, 0x55, 0xb3, 0x73, 0x73, 0x9a, 0x76, 0xe2, 0xea, 0x7c, 0xe2,
  0xad, 0x9b, 0x9b, 0x9c, 0xd3, 0xba, 0x6f, 0x17, 0xfc, 0x5f, 0xbb, 0xf5,
  0xb6, 0xea, 0x76, 0x16, 0x2b, 0xf8, 0xad, 0x75, 0xeb, 0x6d, 0xd4, 0x00,
  0xdc, 0x5b, 0xf0, 0x00, 0x00, 0x00, 0x00, 0x00, 0x00, 0x00, 0x00, 0x00,
  0x00, 0x08, 0x16, 0xd6, 0x06, 0x8b, 0x87, 0x1d, 0x11, 0x4f, 0x40, 0xb6,
  0xb0, 0x34, 0x5c, 0x38, 0xe8, 0x8a, 0x0b, 0x09, 0xf3, 0x4d, 0xbe, 0x8f,
  0x18, 0x7a, 0x59, 0x65, 0xc6, 0x96, 0xa8, 0x05, 0x06, 0x96, 0x00, 0x00,
  0x00, 0x00, 0x00, 0x00, 0x00, 0x00, 0x00, 0x00, 0x00, 0x00, 0x41, 0xb7,
  0xf1, 0x4d, 0x36, 0x59, 0x74, 0xaa, 0xab, 0x55, 0xbf, 0x8a, 0x69, 0xb2,
  0xcb, 0xa5, 0x55, 0x74, 0x06, 0x2a, 0x73, 0x3d, 0xa7, 0x49, 0x3b, 0x34,
  0x28, 0xec, 0x65, 0xe7, 0x5a, 0x3a, 0x38, 0xda, 0xa8, 0x01, 0x66, 0xab,
  0xc0, 0x00, 0x00, 0x00, 0x00, 0x00, 0x00, 0x00, 0x00, 0x00, 0x00, 0x00,
  0x07, 0xd1, 0x00, 0x1c, 0xca, 0x9a, 0x00, 0x00, 0x00, 0x00, 0x00, 0x00,
  0x00, 0x00, 0x00, 0x00, 0x00, 0x00, 0x66, 0x17, 0xd5, 0xc8, 0xec, 0xa3,
  0x96, 0x2b, 0x1c, 0x2f, 0xab, 0x91, 0xd9, 0x47, 0x2c, 0x55, 0xe6, 0x30,
  0xf8, 0x35, 0x8e, 0xb4, 0xf7, 0x32, 0xee, 0x99, 0x52, 0xc0, 0x0a, 0xa1,
  0x9e, 0x00, 0x00, 0x00, 0x00, 0x00, 0x00, 0x00, 0x00, 0x00, 0x00, 0x01,
  0xb4, 0x1b, 0x4f, 0xd1, 0x51, 0xb5, 0x71, 0x9d, 0x6b, 0x3b, 0x14, 0x54,
  0xab, 0x57, 0x19, 0xd6, 0xb3, 0xb1, 0x45, 0x75, 0xa6, 0x0e, 0xe6, 0x9b,
  0xaf, 0x47, 0x46, 0xcc, 0x39, 0x8b, 0x77, 0xf3, 0xa5, 0xe7, 0x5e, 0xad,
  0xa9, 0x00, 0x4c, 0x22, 0x00, 0x00, 0x00, 0x00, 0x00, 0x00, 0x00, 0x00,
  0x00, 0x00, 0x00, 0x69, 0x2d, 0x3c, 0x63, 0x4b, 0xc1, 0x93, 0x43, 0x76,
  0xd2, 0x5a, 0x78, 0xc6, 0x97, 0x83, 0x26, 0x86, 0x9f, 0x87, 0x39, 0xa6,
  0x75, 0xa1, 0x95, 0x74, 0xcb, 0x9d, 0x1e, 0x28, 0xe0, 0x29, 0x64, 0x80,
  0x00, 0x00, 0x00, 0x00, 0x00, 0x00, 0x00, 0x00, 0x00, 0x00, 0x00, 0x03,
  0x43, 0x75, 0x3e, 0x71, 0x56, 0xcd, 0xcd, 0xce, 0x69, 0xdb, 0x8b, 0xa9,
  0xf3, 0x8a, 0xb6, 0x6e, 0x6e, 0x73, 0x4e, 0xe9, 0xbc, 0x5f, 0xf1, 0x7e,
  0xef, 0xd6, 0xdb, 0xa9, 0xd8, 0x58, 0xaf, 0xe2, 0xb5, 0xd7, 0xad, 0xb7,
  0x50, 0x03, 0x71, 0x6f, 0xc0, 0x00, 0x00, 0x00, 0x00, 0x00, 0x00, 0x00,
  0x00, 0x00, 0x00, 0x20, 0x5b, 0x58, 0x1a, 0x2e, 0x1c, 0x74, 0x45, 0x3d,
  0x02, 0xda, 0xc0, 0xd1, 0x70, 0xe3, 0xa2, 0x28, 0x2c, 0x27, 0xcd, 0x36,
  0xfa, 0x3c, 0x61, 0xe9, 0x65, 0x97, 0x1a, 0x5a, 0xa0, 0x14, 0x1a, 0x58,
  0x00, 0x00, 0x00, 0x00, 0x00, 0x00, 0x00, 0x00, 0x00, 0x00, 0x00, 0x01,
  0x06, 0xdf, 0xc5, 0x34, 0xd9, 0x65, 0xd2, 0xaa, 0xad, 0x56, 0xfe, 0x29,
  0xa6, 0xcb, 0x2e, 0x95, 0x55, 0xd0, 0x18, 0xa9, 0xcc, 0xf6, 0x9d, 0x24,
  0xec, 0xd0, 0xa3, 0xb1, 0x97, 0x9d, 0x68, 0xe8, 0xe3, 0x6a, 0xa0, 0x05,
  0x9a, 0xaf, 0x00, 0x00, 0x00, 0x00, 0x00, 0x00, 0x00, 0x00, 0x00, 0x00,
  0x00, 0x00, 0x1f, 0x44, 0x00, 0x73, 0x2a, 0x68, 0x00, 0x00, 0x00, 0x00,
  0x00, 0x00, 0x00, 0x00, 0x00, 0x00, 0x00, 0x01, 0x98, 0x5f, 0x57, 0x23,
  0xb2, 0x8e, 0x58, 0xac, 0x70, 0xbe, 0xae, 0x47, 0x65, 0x1c, 0xb1, 0x57,
  0x98, 0xc3, 0xe0, 0xd6, 0x3a, 0xd3, 0xdc, 0xcb, 0xba, 0x65, 0x4b, 0x00,
  0x2a, 0x86, 0x78, 0x00, 0x00, 0x00, 0x00, 0x00, 0x00, 0x00, 0x00, 0x00,
  0x00, 0x06, 0xd0, 0x6d, 0x3f, 0x45, 0x46, 0xd5, 0xc6, 0x75, 0xac, 0xec,
  0x51, 0x52, 0xad, 0x5c, 0x67, 0x5a, 0xce, 0xc5, 0x15, 0xd6, 0x98, 0x3b,
  0x9a, 0x6e, 0xbd, 0x1d, 0x1b, 0x30, 0xe6, 0x2d, 0xdf, 0xce, 0x97, 0x9d,
  0x7a, 0xb6, 0xa4, 0x01, 0x30, 0x88, 0x00, 0x00, 0x00, 0x00, 0x00, 0x00,
  0x00, 0x00, 0x00, 0x00, 0x01, 0xa4, 0xb4, 0xf1, 0x8d, 0x2f, 0x06, 0x4d,
  0x0d, 0xdb, 0x49, 0x69, 0xe3, 0x1a, 0x5e, 0x0c, 0x9a, 0x1a, 0x7e, 0x1c,
  0xe6, 0x99, 0xd6, 0x86, 0x55, 0xd3, 0x2e, 0x74, 0x78, 0xa3, 0x80, 0xa5,
  0x92, 0x00, 0x00, 0x00, 0x00, 0x00, 0x00, 0x00, 0x00, 0x00, 0x00, 0x00,
  0x00, 0x0d, 0x0d, 0xd4, 0xf9, 0xc5, 0x5b, 0x37, 0x37, 0x39, 0xa7, 0x6e,
  0x2e, 0xa7, 0xce, 0x2a, 0xd9, 0xb9, 0xb9, 0xcd, 0x3b, 0xa6, 0xf1, 0x7f,
  0xc5, 0xfb, 0xbf, 0x5b, 0x6e, 0xa7, 0x61, 0x62, 0xbf, 0x8a, 0xd7, 0x5e,
  0xb6, 0xdd, 0x40, 0x0d, 0xc5, 0xbf, 0x00, 0x00, 0x00, 0x00, 0x00, 0x00,
  0x00, 0x00, 0x00, 0x00, 0x00, 0x81, 0x6d, 0x60, 0x68, 0xb8, 0x71, 0xd1,
  0x14, 0xf4, 0x0b, 0x6b, 0x03, 0x45, 0xc3, 0x8e, 0x88, 0xa0, 0xb0, 0x9f,
  0x34, 0xdb, 0xe8, 0xf1, 0x87, 0xa5, 0x96, 0x5c, 0x69, 0x6a, 0x80, 0x50,
  0x69, 0x60, 0x00, 0x00, 0x00, 0x00, 0x00, 0x00, 0x00, 0x00, 0x00, 0x00,
  0x00, 0x04, 0x1b, 0x7f, 0x14, 0xd3, 0x65, 0x97, 0x4a, 0xaa, 0xb5, 0x5b,
  0xf8, 0xa6, 0x9b, 0x2c, 0xba, 0x55, 0x57, 0x40, 0x62, 0xa7, 0x33, 0xda,
  0x74, 0x93, 0xb3, 0x42, 0x8e, 0xc6, 0x5e, 0x75, 0xa3, 0xa3, 0x8d, 0xaa,
  0x80, 0x16, 0x6a, 0xbc, 0x00, 0x00, 0x00, 0x00, 0x00, 0x00, 0x00, 0x00,
  0x00, 0x00, 0x00, 0x00, 0x7b, 0xf3, 0xc6, 0x4b, 0x9c, 0xf7, 0x8a, 0xc5,
  0xfb, 0x8d, 0x0f, 0x58, 0xf1, 0x92, 0xe7, 0x3d, 0xe2, 0xb1, 0x7e, 0xe3,
  0x43, 0xd6, 0x78, 0x13, 0xb7, 0x93, 0x88, 0xed, 0xe4, 0xe2, 0x56, 0xfb,
  0xdd, 0xd9, 0x73, 0xf3, 0xf2, 0xfd, 0x59, 0x9e, 0xb7, 0x3c, 0x8f, 0x7d,
  0xf8, 0xc9, 0x73, 0x9e, 0xf1, 0x58, 0xbf, 0x71, 0xa1, 0xeb, 0x1e, 0x32,
  0x5c, 0xe7, 0xbc, 0x56, 0x2f, 0xdc, 0x68, 0x7a, 0xcf, 0x02, 0x76, 0xf2,
  0x71, 0x1d, 0xbc, 0x9c, 0x46, 0xf7, 0x76, 0x5c, 0xfc, 0xfc, 0xbf, 0x53,
  0xd6, 0xe7, 0x91, 0xef, 0xbf, 0x19, 0x2e, 0x73, 0xde, 0x2b, 0x17, 0xee,
  0x34, 0x3d, 0x63, 0xc6, 0x4b, 0x9c, 0xf7, 0x8a, 0xc5, 0xfb, 0x8d, 0x0f,
  0x59, 0xe0, 0x4e, 0xde, 0x4e, 0x23, 0xb7, 0x93, 0x88, 0xde, 0xee, 0xcb,
  0x9f, 0x9f, 0x97, 0xea, 0x7a, 0xdc, 0xf2, 0x3d, 0xf7, 0xe3, 0x25, 0xce,
  0x7b, 0xc5, 0x62, 0xfd, 0xc6, 0x87, 0xac, 0x78, 0xc9, 0x73, 0x9e, 0xf1,
  0x58, 0xbf, 0x71, 0xa1, 0xeb, 0x3c, 0x09, 0xdb, 0xc9, 0xc4, 0x76, 0xf2,
  0x71, 0x1b, 0xdd, 0xd9, 0x73, 0xf3, 0xf2, 0xfd, 0x4f, 0x5b, 0x9e, 0x47,
  0xbe, 0xfc, 0x64, 0xb9, 0xcf, 0x78, 0xac, 0x5f, 0xb8, 0xd0, 0xf5, 0x8f,
  0x19, 0x2e, 0x73, 0xde, 0x2b, 0x17, 0xee, 0x34, 0x3d, 0x67, 0x81, 0x3b,
  0x79, 0x38, 0x8e, 0xde, 0x4e, 0x23, 0x7b, 0xbb, 0x2e, 0x7e, 0x7e, 0x5f,
  0xa9, 0xeb, 0x73, 0xc8, 0xf7, 0xdf, 0x8c, 0x97, 0x39, 0xef, 0x15, 0x8b,
  0xf7, 0x1a, 0x1e, 0xb1, 0xe3, 0x25, 0xce, 0x7b, 0xc5, 0x62, 0xfd, 0xc6,
  0x87, 0xac, 0xf0, 0x27, 0x6f, 0x27, 0x11, 0xdb, 0xc9, 0xc4, 0x6f, 0x77,
  0x65, 0xcf, 0xcf, 0xcb, 0xf5, 0x3d, 0x6e, 0x79, 0x1e, 0xfb, 0xf1, 0x92,
  0xe7, 0x3d, 0xe2, 0xb1, 0x7e, 0xe3, 0x43, 0xd6, 0x3c, 0x64, 0xb9, 0xcf,
  0x78, 0xac, 0x5f, 0xb8, 0xd0, 0xf5, 0x9e, 0x04, 0xed, 0xe4, 0xe2, 0x3b,
  0x79, 0x38, 0x8d, 0xee, 0xec, 0xb9, 0xf9, 0xf9, 0x7e, 0xa7, 0xad, 0xcf,
  0x23, 0xdf, 0x7e, 0x32, 0x5c, 0xe7, 0xbc, 0x56, 0x2f, 0xdc, 0x68, 0x7a,
  0xc7, 0x8c, 0x97, 0x39, 0xef, 0x15, 0x8b, 0xf7, 0x1a, 0x1e, 0xb3, 0xc0,
  0x9d, 0xbc, 0x9c, 0x47, 0x6f, 0x27, 0x11, 0xbd, 0xdd, 0x97, 0x3f, 0x3f,
  0x2f, 0xd4, 0xf5, 0xb9, 0xe4, 0x7b, 0xef, 0xc6, 0x4b, 0x9c, 0xf7, 0x8a,
  0xc5, 0xfb, 0x8d, 0x0f, 0x58, 0xf1, 0x92, 0xe7, 0x3d, 0xe2, 0xb1, 0x7e,
  0xe3, 0x43, 0xd6, 0x78, 0x13, 0xb7, 0x93, 0x88, 0xed, 0xe4, 0xe2, 0x37,
  0xbb, 0xb2, 0xe7, 0xe7, 0xe5, 0xfa, 0x9e, 0xb7, 0x3c, 0x8f, 0x7d, 0xc2,
  0xe9, 0x2e, 0x73, 0xb7, 0xfe, 0x45, 0x62, 0xfd, 0xc6, 0x87, 0xac, 0xaf,
  0xc6, 0xe8, 0x2c, 0x0e, 0xdc, 0x7f, 0xfb, 0xeb, 0x22, 0xff, 0x00, 0xb7,
  0xd1, 0x75, 0x9e, 0x24, 0xed, 0xe4, 0xe2, 0x70, 0xc6, 0x49, 0x23, 0x34,
  0x63, 0x19, 0x24, 0xbf, 0xea, 0xc1, 0x5e, 0x63, 0x0f, 0x17, 0x76, 0x5e,
  0xad, 0x63, 0xff, 0x00, 0xef, 0x39, 0x53, 0xff, 0x00, 0xcf, 0xfa, 0xd2,
  0xcb, 0xba, 0x5e, 0xe7, 0xd3, 0x3f, 0x73, 0xdc, 0x1e, 0x30, 0x58, 0x1b,
  0xfd, 0x64, 0x72, 0xfa, 0x2e, 0xb1, 0xe3, 0x05, 0x81, 0xbf, 0xd6, 0x47,
  0x2f, 0xa2, 0xeb, 0x3c, 0x3d, 0xac, 0x93, 0xd4, 0x93, 0xe5, 0x81, 0xac,
  0x93, 0xd4, 0x93, 0xe5, 0x82, 0xa9, 0xde, 0xea, 0xc7, 0x9f, 0x9f, 0x96,
  0x3c, 0xd9, 0xfe, 0xb7, 0x3c, 0x8f, 0x70, 0xf8, 0xc1, 0x60, 0x6f, 0xf5,
  0x91, 0xcb, 0xe8, 0xba, 0xc7, 0x8c, 0x16, 0x06, 0xff, 0x00, 0x59, 0x1c,
  0xbe, 0x8b, 0xac, 0xf0, 0xf6, 0xb2, 0x4f, 0x52, 0x4f, 0x96, 0x06, 0xb2,
  0x4f, 0x52, 0x4f, 0x96, 0x06, 0xf7, 0x56, 0x3c, 0xfc, 0xfc, 0xb1, 0xe6,
  0x7a, 0xdc, 0xf2, 0x3d, 0xc3, 0xe3, 0x05, 0x81, 0xbf, 0xd6, 0x47, 0x2f,
  0xa2, 0xeb, 0x1e, 0x30, 0x58, 0x1b, 0xfd, 0x64, 0x72, 0xfa, 0x2e, 0xb3,
  0xc3, 0xda, 0xc9, 0x3d, 0x49, 0x3e, 0x58, 0x1a, 0xc9, 0x3d, 0x49, 0x3e,
  0x58, 0x1b, 0xdd, 0x58, 0xf3, 0xf3, 0xf2, 0xc7, 0x99, 0xeb, 0x73, 0xc8,
  0xf7, 0x0f, 0x8c, 0x16, 0x06, 0xff, 0x00, 0x59, 0x1c, 0xbe, 0x8b, 0xac,
  0x78, 0xc1, 0x60, 0x6f, 0xf5, 0x91, 0xcb, 0xe8, 0xba, 0xcf, 0x0f, 0x6b,
  0x24, 0xf5, 0x24, 0xf9, 0x60, 0x6b, 0x24, 0xf5, 0x24, 0xf9, 0x60, 0x6f,
  0x75, 0x63, 0xcf, 0xcf, 0xcb, 0x1e, 0x67, 0xad, 0xcf, 0x23, 0xdc, 0x3e,
  0x30, 0x58, 0x1b, 0xfd, 0x64, 0x72, 0xfa, 0x2e, 0xb1, 0xe3, 0x05, 0x81,
  0xbf, 0xd6, 0x47, 0x2f, 0xa2, 0xeb, 0x3c, 0x3d, 0xac, 0x93, 0xd4, 0x93,
  0xe5, 0x81, 0xac, 0x93, 0xd4, 0x93, 0xe5, 0x81, 0xbd, 0xd5, 0x8f, 0x3f,
  0x3f, 0x2c, 0x79, 0x9e, 0xb7, 0x3c, 0x8f, 0x70, 0xf8, 0xc1, 0x60, 0x6f,
  0xf5, 0x91, 0xcb, 0xe8, 0xba, 0xc7, 0x8c, 0x16, 0x06, 0xff, 0x00, 0x59,
  0x1c, 0xbe, 0x8b, 0xac, 0xf0, 0xf6, 0xb2, 0x4f, 0x52, 0x4f, 0x96, 0x06,
  0xb2, 0x4f, 0x52, 0x4f, 0x96, 0x06, 0xf7, 0x56, 0x3c, 0xfc, 0xfc, 0xb1,
  0xe6, 0x7a, 0xdc, 0xf2, 0x3d, 0xc3, 0xe3, 0x05, 0x81, 0xbf, 0xd6, 0x47,
  0x2f, 0xa2, 0xeb, 0x1e, 0x30, 0x58, 0x1b, 0xfd, 0x64, 0x72, 0xfa, 0x2e,
  0xb3, 0xc3, 0xda, 0xc9, 0x3d, 0x49, 0x3e, 0x58, 0x1a, 0xc9, 0x3d, 0x49,
  0x3e, 0x58, 0x1b, 0xdd, 0x58, 0xf3, 0xf3, 0xf2, 0xc7, 0x99, 0xeb, 0x73,
  0xc8, 0xf7, 0x0f, 0x8c, 0x16, 0x06, 0xff, 0x00, 0x59, 0x1c, 0xbe, 0x8b,
  0xac, 0x78, 0xc1, 0x60, 0x6f, 0xf5, 0x91, 0xcb, 0xe8, 0xba, 0xcf, 0x0f,
  0x6b, 0x24, 0xf5, 0x24, 0xf9, 0x60, 0x6b, 0x24, 0xf5, 0x24, 0xf9, 0x60,
  0x6f, 0x75, 0x63, 0xcf, 0xcf, 0xcb, 0x1e, 0x67, 0xad, 0xcf, 0x23, 0xdc,
  0x3e, 0x30, 0x58, 0x1b, 0xfd, 0x64, 0x72, 0xfa, 0x2e, 0xb1, 0xe3, 0x05,
  0x81, 0xbf, 0xd6, 0x47, 0x2f, 0xa2, 0xeb, 0x3c, 0x3d, 0xac, 0x93, 0xd4,
  0x93, 0xe5, 0x81, 0xac, 0x93, 0xd4, 0x93, 0xe5, 0x83, 0xf7, 0x7b, 0xbb,
  0x1e, 0x7e, 0x7e, 0x58, 0xf3, 0x3d, 0x6e, 0x79, 0x1e, 0xbc, 0xaf, 0xd7,
  0xea, 0x14, 0xd5, 0xfa, 0xcd, 0x2d, 0x0d, 0x7e, 0xa7, 0x49, 0x47, 0x35,
  0x2c, 0xdd, 0xa9, 0xa4, 0xac, 0x49, 0x18, 0x47, 0x24, 0x61, 0x17, 0x07,
  0x7d, 0x55, 0x3d, 0xae, 0xad, 0xf5, 0xe5, 0xe9, 0x74, 0xa5, 0xc5, 0x7f,
  0xa6, 0xe6, 0x6a, 0xb0, 0x97, 0xfb, 0x43, 0xfd, 0x5f, 0xda, 0x1c, 0x28,
  0xb7, 0x3a, 0xe8, 0xee, 0xc5, 0xd0, 0x5b, 0x8d, 0xb8, 0x74, 0xd8, 0xee,
  0x7d, 0x85, 0x9c, 0x57, 0xe9, 0xf4, 0x51, 0x4c, 0x7e, 0x1c, 0x91, 0x0c,
  0x4a, 0xb1, 0x27, 0x75, 0xdd, 0x39, 0x9b, 0xed, 0x57, 0xba, 0xa9, 0x9b,
  0x5f, 0xfd, 0xfa, 0x3e, 0xc4, 0x4f, 0xa3, 0xed, 0x7d, 0xfe, 0x8c, 0xaf,
  0xf1, 0xe9, 0x76, 0x97, 0x7d, 0x55, 0x3d, 0xae, 0xad, 0xf5, 0xe5, 0xe9,
  0x3b, 0xea, 0xa9, 0xed, 0x75, 0x6f, 0xaf, 0x2f, 0x4b, 0xab, 0x75, 0xd1,
  0xdd, 0x89, 0xae, 0x8e, 0xec, 0x52, 0x5e, 0xc8, 0x8f, 0x8b, 0xf6, 0x7c,
  0xef, 0x05, 0x74, 0xfd, 0x6d, 0x5f, 0x24, 0x7f, 0x27, 0x69, 0x77, 0xd5,
  0x53, 0xda, 0xea, 0xdf, 0x5e, 0x5e, 0x93, 0xbe, 0xaa, 0x9e, 0xd7, 0x56,
  0xfa, 0xf2, 0xf4, 0xba, 0xb7, 0x5d, 0x1d, 0xd8, 0x9a, 0xe8, 0xee, 0xc4,
  0xf6, 0x44, 0x7c, 0x5f, 0xb1, 0xbc, 0x15, 0xd3, 0xf5, 0xb5, 0x7c, 0x91,
  0xfc, 0x9d, 0xa5, 0xdf, 0x55, 0x4f, 0x6b, 0xab, 0x7d, 0x79, 0x7a, 0x4e,
  0xfa, 0xaa, 0x7b, 0x5d, 0x5b, 0xeb, 0xcb, 0xd2, 0xea, 0xdd, 0x74, 0x77,
  0x62, 0x6b, 0xa3, 0xbb, 0x13, 0xd9, 0x11, 0xf1, 0x7e, 0xc6, 0xf0, 0x57,
  0x4f, 0xd6, 0xd5, 0xf2, 0x47, 0xf2, 0x76, 0x97, 0x7d, 0x55, 0x3d, 0xae,
  0xad, 0xf5, 0xe5, 0xe9, 0x3b, 0xea, 0xa9, 0xed, 0x75, 0x6f, 0xaf, 0x2f,
  0x4b, 0xab, 0x75, 0xd1, 0xdd, 0x89, 0xae, 0x8e, 0xec, 0x4f, 0x64, 0x47,
  0xc5, 0xfb, 0x1b, 0xc1, 0x5d, 0x3f, 0x5b, 0x57, 0xc9, 0x1f, 0xc9, 0xda,
  0x5d, 0xf5, 0x54, 0xf6, 0xba, 0xb7, 0xd7, 0x97, 0xa4, 0xef, 0xaa, 0xa7,
  0xb5, 0xd5, 0xbe, 0xbc, 0xbd, 0x2e, 0xad, 0xd7, 0x47, 0x76, 0x26, 0xba,
  0x3b, 0xb1, 0x3d, 0x91, 0x1f, 0x17, 0xec, 0x6f, 0x05, 0x74, 0xfd, 0x6d,
  0x5f, 0x24, 0x7f, 0x27, 0x69, 0x77, 0xd5, 0x53, 0xda, 0xea, 0xdf, 0x5e,
  0x5e, 0x93, 0xbe, 0xaa, 0x9e, 0xd7, 0x56, 0xfa, 0xf2, 0xf4, 0xba, 0xb7,
  0x5d, 0x1d, 0xd8, 0x9a, 0xe8, 0xee, 0xc4, 0xf6, 0x44, 0x7c, 0x5f, 0xb1,
  0xbc, 0x15, 0xd3, 0xf5, 0xb5, 0x7c, 0x91, 0xfc, 0x9d, 0xa5, 0xdf, 0x55,
  0x4f, 0x6b, 0xab, 0x7d, 0x79, 0x7a, 0x4e, 0xfa, 0xaa, 0x7b, 0x5d, 0x5b,
  0xeb, 0xcb, 0xd2, 0xea, 0xdd, 0x74, 0x77, 0x62, 0x6b, 0xa3, 0xbb, 0x13,
  0xd9, 0x11, 0xf1, 0x7e, 0xc6, 0xf0, 0x57, 0x4f, 0xd6, 0xd5, 0xf2, 0x47,
  0xf2, 0x76, 0x97, 0x7d, 0x55, 0x3d, 0xae, 0xad, 0xf5, 0xe5, 0xe9, 0x3b,
  0xea, 0xa9, 0xed, 0x75, 0x6f, 0xaf, 0x2f, 0x4b, 0xab, 0x75, 0xd1, 0xdd,
  0x89, 0xae, 0x8e, 0xec, 0x4f, 0x64, 0x47, 0xc5, 0xfb, 0x1b, 0xc1, 0x5d,
  0x3f, 0x5b, 0x57, 0xc9, 0x1f, 0xc9, 0xda, 0x5d, 0xf5, 0x54, 0xf6, 0xba,
  0xb7, 0xd7, 0x97, 0xa5, 0xa1, 0xb6, 0x2d, 0x0a, 0x85, 0x1d, 0xa5, 0x49,
  0x0a, 0x4a, 0xfd, 0x4e, 0x48, 0xc6, 0x59, 0x23, 0x0d, 0x75, 0x62, 0x48,
  0x76, 0xff, 0x00, 0xb6, 0x55, 0x2f, 0x5d, 0x1d, 0xd8, 0xa8, 0x5a, 0xa1,
  0xc2, 0x11, 0xb6, 0x68, 0xa3, 0x18, 0x42, 0x3f, 0xf8, 0x21, 0x7e, 0x1f,
  0xfb, 0x8b, 0x58, 0xc2, 0xfd, 0xc1, 0xa6, 0xdf, 0x73, 0x66, 0x89, 0xaf,
  0xd1, 0xf7, 0xc7, 0xf8, 0x47, 0x6e, 0xae, 0x26, 0x2e, 0xdb, 0x95, 0x76,
  0x9b, 0xc5, 0x37, 0xba, 0xaa, 0x9f, 0xba, 0x3d, 0x1f, 0x66, 0x23, 0xf1,
  0xeb, 0x3b, 0x9f, 0xc2, 0x96, 0x66, 0xf9, 0x54, 0x79, 0x4c, 0x9d, 0x27,
  0x85, 0x2c, 0xcd, 0xf2, 0xa8, 0xf2, 0x99, 0x3a, 0x5e, 0x73, 0xd6, 0xcb,
  0xea, 0xcb, 0xc4, 0x6b, 0x65, 0xf5, 0x65, 0xe2, 0x55, 0x3e, 0xe8, 0xd9,
  0xf3, 0xb3, 0xd9, 0xf5, 0x6a, 0xde, 0xe3, 0x59, 0x73, 0xd3, 0xd9, 0xf5,
  0x7a, 0x33, 0xc2, 0x96, 0x66, 0xf9, 0x54, 0x79, 0x4c, 0x9d, 0x27, 0x85,
  0x2c, 0xcd, 0xf2, 0xa8, 0xf2, 0x99, 0x3a, 0x5e, 0x73, 0xd6, 0xcb, 0xea,
  0xcb, 0xc4, 0x6b, 0x65, 0xf5, 0x65, 0xe2, 0x3d, 0xd1, 0xb3, 0xe7, 0x67,
  0xb3, 0xea, 0x7b, 0x8d, 0x65, 0xcf, 0x4f, 0x67, 0xd5, 0xe8, 0xcf, 0x0a,
  0x59, 0x9b, 0xe5, 0x51, 0xe5, 0x32, 0x74, 0x9e, 0x14, 0xb3, 0x37, 0xca,
  0xa3, 0xca, 0x64, 0xe9, 0x79, 0xcf, 0x5b, 0x2f, 0xab, 0x2f, 0x11, 0xad,
  0x97, 0xd5, 0x97, 0x88, 0xf7, 0x46, 0xcf, 0x9d, 0x9e, 0xcf, 0xa9, 0xee,
  0x35, 0x97, 0x3d, 0x3d, 0x9f, 0x57, 0xa3, 0x3c, 0x29, 0x66, 0x6f, 0x95,
  0x47, 0x94, 0xc9, 0xd2, 0x78, 0x52, 0xcc, 0xdf, 0x2a, 0x8f, 0x29, 0x93,
  0xa5, 0xe7, 0x3d, 0x6c, 0xbe, 0xac, 0xbc, 0x46, 0xb6, 0x5f, 0x56, 0x5e,
  0x23, 0xdd, 0x1b, 0x3e, 0x76, 0x7b, 0x3e, 0xa7, 0xb8, 0xd6, 0x5c, 0xf4,
  0xf6, 0x7d, 0x5e, 0x8c, 0xf0, 0xa5, 0x99, 0xbe, 0x55, 0x1e, 0x53, 0x27,
  0x49, 0xe1, 0x4b, 0x33, 0x7c, 0xaa, 0x3c, 0xa6, 0x4e, 0x97, 0x9c, 0xf5,
  0xb2, 0xfa, 0xb2, 0xf1, 0x1a, 0xd9, 0x7d, 0x59, 0x78, 0x8f, 0x74, 0x6c,
  0xf9, 0xd9, 0xec, 0xfa, 0x9e, 0xe3, 0x59, 0x73, 0xd3, 0xd9, 0xf5, 0x7a,
  0x33, 0xc2, 0x96, 0x66, 0xf9, 0x54, 0x79, 0x4c, 0x9d, 0x27, 0x85, 0x2c,
  0xcd, 0xf2, 0xa8, 0xf2, 0x99, 0x3a, 0x5e, 0x73, 0xd6, 0xcb, 0xea, 0xcb,
  0xc4, 0x6b, 0x65, 0xf5, 0x65, 0xe2, 0x3d, 0xd1, 0xb3, 0xe7, 0x67, 0xb3,
  0xea, 0x7b, 0x8d, 0x65, 0xcf, 0x4f, 0x67, 0xd5, 0xe8, 0xcf, 0x0a, 0x59,
  0x9b, 0xe5, 0x51, 0xe5, 0x32, 0x74, 0x9e, 0x14, 0xb3, 0x37, 0xca, 0xa3,
  0xca, 0x64, 0xe9, 0x79, 0xcf, 0x5b, 0x2f, 0xab, 0x2f, 0x11, 0xad, 0x97,
  0xd5, 0x97, 0x88, 0xf7, 0x46, 0xcf, 0x9d, 0x9e, 0xcf, 0xa9, 0xee, 0x35,
  0x97, 0x3d, 0x3d, 0x9f, 0x57, 0xa3, 0x3c, 0x29, 0x66, 0x6f, 0x95, 0x47,
  0x94, 0xc9, 0xd2, 0x78, 0x52, 0xcc, 0xdf, 0x2a, 0x8f, 0x29, 0x93, 0xa5,
  0xe7, 0x3d, 0x6c, 0xbe, 0xac, 0xbc, 0x46, 0xb6, 0x5f, 0x56, 0x5e, 0x23,
  0xdd, 0x1b, 0x3e, 0x76, 0x7b, 0x3e, 0xa7, 0xb8, 0xd6, 0x5c, 0xf4, 0xf6,
  0x7d, 0x5e, 0x8c, 0xf0, 0xa5, 0x99, 0xbe, 0x55, 0x1e, 0x53, 0x27, 0x49,
  0xe1, 0x4b, 0x33, 0x7c, 0xaa, 0x3c, 0xa6, 0x4e, 0x97, 0x9c, 0xf5, 0xb2,
  0xfa, 0xb2, 0xf1, 0x1a, 0xd9, 0x7d, 0x59, 0x78, 0x8f, 0x74, 0x6c, 0xf9,
  0xd9, 0xec, 0xfa, 0x9e, 0xe3, 0x59, 0x73, 0xd3, 0xd9, 0xf5, 0x77, 0xc5,
  0xb5, 0x34, 0x96, 0x85, 0x62, 0x87, 0xbc, 0x69, 0x28, 0xeb, 0x5a, 0xca,
  0x38, 0xeb, 0xfb, 0x84, 0xf0, 0xa4, 0xd6, 0xf6, 0xe6, 0xfe, 0xdd, 0xbd,
  0x6f, 0x6f, 0xb4, 0x83, 0xe0, 0xfa, 0xef, 0xb2, 0xd3, 0x7c, 0x91, 0x42,
  0xec, 0x72, 0xff, 0x00, 0x4f, 0x86, 0xb5, 0xbf, 0xe9, 0xfe, 0xf4, 0x37,
  0xbf, 0xb6, 0xeb, 0xb7, 0xf5, 0xd3, 0x7a, 0xd3, 0x71, 0xad, 0xbc, 0x19,
  0xb6, 0x9d, 0xce, 0xdc, 0xcb, 0x2b, 0xb5, 0x31, 0xe9, 0x8a, 0x7d, 0x3f,
  0x7e, 0x9a, 0xa6, 0x7c, 0x53, 0x77, 0x5c, 0x68, 0xdb, 0xe0, 0x85, 0x8c,
  0x6e, 0x35, 0x9d, 0xde, 0x2d, 0x22, 0xcb, 0xff, 0x00, 0xa9, 0xaa, 0x62,
  0x67, 0xed, 0x7f, 0xeb, 0xf0, 0xf4, 0x4f, 0xe1, 0xe9, 0xf4, 0x7e, 0x2e,
  0xad, 0xf0, 0x7d, 0x77, 0xd9, 0x69, 0xbe, 0x48, 0x9e, 0x0f, 0xae, 0xfb,
  0x2d, 0x37, 0xc9, 0x17, 0x69, 0x6b, 0xa6, 0xf5, 0xa6, 0xe3, 0x35, 0xd3,
  0x7a, 0xd3, 0x71, 0xa7, 0xbd, 0xaf, 0x5f, 0xc2, 0xf7, 0xdf, 0xf6, 0xf7,
  0xfa, 0x2a, 0x7e, 0x79, 0xfe, 0x2e, 0xad, 0xf0, 0x7d, 0x77, 0xd9, 0x69,
  0xbe, 0x48, 0x9e, 0x0f, 0xae, 0xfb, 0x2d, 0x37, 0xc9, 0x17, 0x69, 0x6b,
  0xa6, 0xf5, 0xa6, 0xe3, 0x35, 0xd3, 0x7a, 0xd3, 0x71, 0x9e, 0xd7, 0xaf,
  0xe1, 0x37, 0xfd, 0xbd, 0xfe, 0x8a, 0x9f, 0x9e, 0x7f, 0x8b, 0xab, 0x7c,
  0x1f, 0x5d, 0xf6, 0x5a, 0x6f, 0x92, 0x27, 0x83, 0xeb, 0xbe, 0xcb, 0x4d,
  0xf2, 0x45, 0xda, 0x5a, 0xe9, 0xbd, 0x69, 0xb8, 0xcd, 0x74, 0xde, 0xb4,
  0xdc, 0x67, 0xb5, 0xeb, 0xf8, 0x4d, 0xff, 0x00, 0x6f, 0x7f, 0xa2, 0xa7,
  0xe7, 0x9f, 0xe2, 0xea, 0xdf, 0x07, 0xd7, 0x7d, 0x96, 0x9b, 0xe4, 0x89,
  0xe0, 0xfa, 0xef, 0xb2, 0xd3, 0x7c, 0x91, 0x76, 0x96, 0xba, 0x6f, 0x5a,
  0x6e, 0x33, 0x5d, 0x37, 0xad, 0x37, 0x19, 0xed, 0x7a, 0xfe, 0x13, 0x7f,
  0xdb, 0xdf, 0xe8, 0xa9, 0xf9, 0xe7, 0xf8, 0xba, 0xb7, 0xc1, 0xf5, 0xdf,
  0x65, 0xa6, 0xf9, 0x22, 0x78, 0x3e, 0xbb, 0xec, 0xb4, 0xdf, 0x24, 0x5d,
  0xa5, 0xae, 0x9b, 0xd6, 0x9b, 0x8c, 0xd7, 0x4d, 0xeb, 0x4d, 0xc6, 0x7b,
  0x5e, 0xbf, 0x84, 0xdf, 0xf6, 0xf7, 0xfa, 0x2a, 0x7e, 0x79, 0xfe, 0x2e,
  0xad, 0xf0, 0x7d, 0x77, 0xd9, 0x69, 0xbe, 0x48, 0x9e, 0x0f, 0xae, 0xfb,
  0x2d, 0x37, 0xc9, 0x17, 0x69, 0x6b, 0xa6, 0xf5, 0xa6, 0xe3, 0x35, 0xd3,
  0x7a, 0xd3, 0x71, 0x9e, 0xd7, 0xaf, 0xe1, 0x37, 0xfd, 0xbd, 0xfe, 0x8a,
  0x9f, 0x9e, 0x7f, 0x8b, 0xab, 0x7c, 0x1f, 0x5d, 0xf6, 0x5a, 0x6f, 0x92,
  0x27, 0x83, 0xeb, 0xbe, 0xcb, 0x4d, 0xf2, 0x45, 0xda, 0x5a, 0xe9, 0xbd,
  0x69, 0xb8, 0xcd, 0x74, 0xde, 0xb4, 0xdc, 0x67, 0xb5, 0xeb, 0xf8, 0x4d,
  0xff, 0x00, 0x6f, 0x7f, 0xa2, 0xa7, 0xe7, 0x9f, 0xe2, 0xea, 0xdf, 0x07,
  0xd7, 0x7d, 0x96, 0x9b, 0xe4, 0x89, 0xe0, 0xfa, 0xef, 0xb2, 0xd3, 0x7c,
  0x91, 0x76, 0x96, 0xba, 0x6f, 0x5a, 0x6e, 0x33, 0x5d, 0x37, 0xad, 0x37,
  0x19, 0xed, 0x7a, 0xfe, 0x13, 0x7f, 0xdb, 0xdf, 0xe8, 0xa9, 0xf9, 0xe7,
  0xf8, 0xba, 0xb7, 0xc1, 0xf5, 0xdf, 0x65, 0xa6, 0xf9, 0x22, 0xd5, 0xdd,
  0x1d, 0x05, 0x2d, 0x5a, 0xab, 0x45, 0x49, 0x58, 0xa3, 0x9a, 0x86, 0x48,
  0xd2, 0x76, 0xb5, 0xd3, 0xc3, 0x5b, 0x0e, 0xdf, 0x6a, 0x3b, 0x71, 0x77,
  0x36, 0xba, 0x6f, 0x5a, 0x6e, 0x37, 0x5c, 0x76, 0x41, 0x46, 0x31, 0xb8,
  0xea, 0xa4, 0x23, 0x18, 0xc7, 0xff, 0x00, 0x9d, 0x2d, 0xf8, 0xff, 0x00,
  0xfc, 0xcc, 0x8c, 0xdd, 0x8b, 0xf5, 0x57, 0xab, 0x8d, 0xad, 0x8c, 0xc7,
  0xa3, 0xd3, 0x09, 0x2d, 0xc8, 0xc7, 0x95, 0xea, 0xf9, 0x7d, 0xb3, 0xb0,
  0x9b, 0x9d, 0x31, 0xf6, 0xa7, 0xf1, 0xfb, 0x73, 0xfc, 0x54, 0x3e, 0xf8,
  0xab, 0xfb, 0x45, 0x0f, 0xd4, 0x87, 0x49, 0xdf, 0x15, 0x7f, 0x68, 0xa1,
  0xfa, 0x90, 0xe9, 0x51, 0xbb, 0x50, 0xdc, 0x87, 0x11, 0xda, 0x86, 0xe4,
  0x38, 0x95, 0x87, 0xb2, 0x29, 0xf8, 0xbf, 0x65, 0x9b, 0xbe, 0x2d, 0xb7,
  0x31, 0x1f, 0x34, 0xf9, 0x2f, 0x3d, 0xf1, 0x57, 0xf6, 0x8a, 0x1f, 0xa9,
  0x0e, 0x93, 0xbe, 0x2a, 0xfe, 0xd1, 0x43, 0xf5, 0x21, 0xd2, 0xa3, 0x76,
  0xa1, 0xb9, 0x0e, 0x23, 0xb5, 0x0d, 0xc8, 0x71, 0x1e, 0xc8, 0xa7, 0xe2,
  0xfd, 0x8d, 0xf1, 0x6d, 0xb9, 0x88, 0xf9, 0xa7, 0xc9, 0x79, 0xef, 0x8a,
  0xbf, 0xb4, 0x50, 0xfd, 0x48, 0x74, 0x9d, 0xf1, 0x57, 0xf6, 0x8a, 0x1f,
  0xa9, 0x0e, 0x95, 0x1b, 0xb5, 0x0d, 0xc8, 0x71, 0x1d, 0xa8, 0x6e, 0x43,
  0x88, 0xf6, 0x45, 0x3f, 0x17, 0xec, 0x6f, 0x8b, 0x6d, 0xcc, 0x47, 0xcd,
  0x3e, 0x4b, 0xcf, 0x7c, 0x55, 0xfd, 0xa2, 0x87, 0xea, 0x43, 0xa4, 0xef,
  0x8a, 0xbf, 0xb4, 0x50, 0xfd, 0x48, 0x74, 0xa8, 0xdd, 0xa8, 0x6e, 0x43,
  0x88, 0xed, 0x43, 0x72, 0x1c, 0x47, 0xb2, 0x29, 0xf8, 0xbf, 0x63, 0x7c,
  0x5b, 0x6e, 0x62, 0x3e, 0x69, 0xf2, 0x5e, 0x7b, 0xe2, 0xaf, 0xed, 0x14,
  0x3f, 0x52, 0x1d, 0x27, 0x7c, 0x55, 0xfd, 0xa2, 0x87, 0xea, 0x43, 0xa5,
  0x46, 0xed, 0x43, 0x72, 0x1c, 0x47, 0x6a, 0x1b, 0x90, 0xe2, 0x3d, 0x91,
  0x4f, 0xc5, 0xfb, 0x1b, 0xe2, 0xdb, 0x73, 0x11, 0xf3, 0x4f, 0x92, 0xf3,
  0xdf, 0x15, 0x7f, 0x68, 0xa1, 0xfa, 0x90, 0xe9, 0x3b, 0xe2, 0xaf, 0xed,
  0x14, 0x3f, 0x52, 0x1d, 0x2a, 0x37, 0x6a, 0x1b, 0x90, 0xe2, 0x3b, 0x50,
  0xdc, 0x87, 0x11, 0xec, 0x8a, 0x7e, 0x2f, 0xd8, 0xdf, 0x16, 0xdb, 0x98,
  0x8f, 0x9a, 0x7c, 0x97, 0x9e, 0xf8, 0xab, 0xfb, 0x45, 0x0f, 0xd4, 0x87,
  0x49, 0xdf, 0x15, 0x7f, 0x68, 0xa1, 0xfa, 0x90, 0xe9, 0x51, 0xbb, 0x50,
  0xdc, 0x87, 0x11, 0xda, 0x86, 0xe4, 0x38, 0x8f, 0x64, 0x53, 0xf1, 0x7e,
  0xc6, 0xf8, 0xb6, 0xdc, 0xc4, 0x7c, 0xd3, 0xe4, 0xbc, 0xf7, 0xc5, 0x5f,
  0xda, 0x28, 0x7e, 0xa4, 0x3a, 0x4e, 0xf8, 0xab, 0xfb, 0x45, 0x0f, 0xd4,
  0x87, 0x4a, 0x8d, 0xda, 0x86, 0xe4, 0x38, 0x8e, 0xd4, 0x37, 0x21, 0xc4,
  0x7b, 0x22, 0x9f, 0x8b, 0xf6, 0x37, 0xc5, 0xb6, 0xe6, 0x23, 0xe6, 0x9f,
  0x25, 0xe7, 0xbe, 0x2a, 0xfe, 0xd1, 0x43, 0xf5, 0x21, 0xd2, 0x77, 0xc5,
  0x5f, 0xda, 0x28, 0x7e, 0xa4, 0x3a, 0x54, 0x6e, 0xd4, 0x37, 0x21, 0xc4,
  0x76, 0xa1, 0xb9, 0x0e, 0x23, 0xd9, 0x14, 0xfc, 0x5f, 0xb1, 0xbe, 0x2d,
  0xb7, 0x31, 0x1f, 0x34, 0xf9, 0x2e, 0x55, 0xfa, 0x2a, 0x4b, 0x42, 0xa9,
  0x3d, 0x52, 0xa3, 0x2c, 0x6b, 0x55, 0x89, 0xe3, 0x0d, 0x65, 0x15, 0x0f,
  0xfe, 0x49, 0xe6, 0xed, 0x47, 0xb7, 0x1e, 0xd4, 0xb2, 0xf6, 0xe3, 0x1f,
  0xec, 0xd5, 0x78, 0xad, 0x74, 0xbe, 0xef, 0xda, 0xdc, 0x8a, 0x97, 0xaa,
  0xb4, 0xf6, 0x34, 0xff, 0x00, 0x6d, 0x5a, 0xac, 0x28, 0xc3, 0xfb, 0x47,
  0xb5, 0x58, 0xfe, 0xf0, 0xfe, 0xdf, 0xfe, 0x33, 0xbd, 0xa3, 0x09, 0xe7,
  0xed, 0x61, 0x27, 0xf9, 0xa2, 0xde, 0xf0, 0x63, 0x08, 0xad, 0x37, 0x02,
  0xe9, 0x55, 0xda, 0x8a, 0x22, 0xb8, 0x9a, 0xa6, 0xaf, 0x4c, 0xcf, 0xa3,
  0xf1, 0x88, 0x8f, 0x47, 0xf9, 0xe4, 0x69, 0x98, 0x45, 0xba, 0x55, 0x6e,
  0xdd, 0xea, 0x9b, 0xc5, 0x74, 0xfd, 0x9f, 0x45, 0x31, 0x4f, 0xa2, 0x3e,
  0xff, 0x00, 0xc2, 0x66, 0x7f, 0xd7, 0x2b, 0xc0, 0xbe, 0x2b, 0x5d, 0x2f,
  0xbb, 0xf6, 0xb7, 0x22, 0xa5, 0xea, 0x9e, 0x2b, 0x5d, 0x2f, 0xbb, 0xf6,
  0xb7, 0x22, 0xa5, 0xea, 0xbd, 0xf5, 0xaf, 0x9f, 0xf5, 0x27, 0xf9, 0xa2,
  0x6b, 0xe7, 0xfd, 0x49, 0xfe, 0x68, 0xb6, 0x2d, 0xf1, 0x2d, 0xf9, 0x88,
  0xf9, 0xa7, 0xc9, 0x01, 0xea, 0x91, 0xca, 0xf0, 0x2f, 0x8a, 0xd7, 0x4b,
  0xee, 0xfd, 0xad, 0xc8, 0xa9, 0x7a, 0xa7, 0x8a, 0xd7, 0x4b, 0xee, 0xfd,
  0xad, 0xc8, 0xa9, 0x7a, 0xaf, 0x7d, 0x6b, 0xe7, 0xfd, 0x49, 0xfe, 0x68,
  0x9a, 0xf9, 0xff, 0x00, 0x52, 0x7f, 0x9a, 0x26, 0xf8, 0x96, 0xfc, 0xc4,
  0x7c, 0xd3, 0xe4, 0x7a, 0xa4, 0x72, 0xbc, 0x0b, 0xe2, 0xb5, 0xd2, 0xfb,
  0xbf, 0x6b, 0x72, 0x2a, 0x5e, 0xa9, 0xe2, 0xb5, 0xd2, 0xfb, 0xbf, 0x6b,
  0x72, 0x2a, 0x5e, 0xab, 0xdf, 0x5a, 0xf9, 0xff, 0x00, 0x52, 0x7f, 0x9a,
  0x26, 0xbe, 0x7f, 0xd4, 0x9f, 0xe6, 0x89, 0xbe, 0x25, 0xbf, 0x31, 0x1f,
  0x34, 0xf9, 0x1e, 0xa9, 0x1c, 0xaf, 0x02, 0xf8, 0xad, 0x74, 0xbe, 0xef,
  0xda, 0xdc, 0x8a, 0x97, 0xaa, 0x78, 0xad, 0x74, 0xbe, 0xef, 0xda, 0xdc,
  0x8a, 0x97, 0xaa, 0xf7, 0xd6, 0xbe, 0x7f, 0xd4, 0x9f, 0xe6, 0x89, 0xaf,
  0x9f, 0xf5, 0x27, 0xf9, 0xa2, 0x6f, 0x89, 0x6f, 0xcc, 0x47, 0xcd, 0x3e,
  0x47, 0xaa, 0x47, 0x2b, 0xc0, 0xbe, 0x2b, 0x5d, 0x2f, 0xbb, 0xf6, 0xb7,
  0x22, 0xa5, 0xea, 0x9e, 0x2b, 0x5d, 0x2f, 0xbb, 0xf6, 0xb7, 0x22, 0xa5,
  0xea, 0xbd, 0xf5, 0xaf, 0x9f, 0xf5, 0x27, 0xf9, 0xa2, 0x6b, 0xe7, 0xfd,
  0x49, 0xfe, 0x68, 0x9b, 0xe2, 0x5b, 0xf3, 0x11, 0xf3, 0x4f, 0x91, 0xea,
  0x91, 0xca, 0xf0, 0x2f, 0x8a, 0xd7, 0x4b, 0xee, 0xfd, 0xad, 0xc8, 0xa9,
  0x7a, 0xa7, 0x8a, 0xd7, 0x4b, 0xee, 0xfd, 0xad, 0xc8, 0xa9, 0x7a, 0xaf,
  0x7d, 0x6b, 0xe7, 0xfd, 0x49, 0xfe, 0x68, 0x9a, 0xf9, 0xff, 0x00, 0x52,
  0x7f, 0x9a, 0x26, 0xf8, 0x96, 0xfc, 0xc4, 0x7c, 0xd3, 0xe4, 0x7a, 0xa4,
  0x72, 0xbc, 0x0b, 0xe2, 0xb5, 0xd2, 0xfb, 0xbf, 0x6b, 0x72, 0x2a, 0x5e,
  0xa9, 0xe2, 0xb5, 0xd2, 0xfb, 0xbf, 0x6b, 0x72, 0x2a, 0x5e, 0xab, 0xdf,
  0x5a, 0xf9, 0xff, 0x00, 0x52, 0x7f, 0x9a, 0x26, 0xbe, 0x7f, 0xd4, 0x9f,
  0xe6, 0x89, 0xbe, 0x25, 0xbf, 0x31, 0x1f, 0x34, 0xf9, 0x1e, 0xa9, 0x1c,
  0xaf, 0x02, 0xf8, 0xad, 0x74, 0xbe, 0xef, 0xda, 0xdc, 0x8a, 0x97, 0xaa,
  0x78, 0xad, 0x74, 0xbe, 0xef, 0xda, 0xdc, 0x8a, 0x97, 0xaa, 0xf7, 0xd6,
  0xbe, 0x7f, 0xd4, 0x9f, 0xe6, 0x89, 0xaf, 0x9f, 0xf5, 0x27, 0xf9, 0xa2,
  0x6f, 0x89, 0x6f, 0xcc, 0x47, 0xcd, 0x3e, 0x47, 0xaa, 0x47, 0x2b, 0xc0,
  0xbe, 0x2b, 0x5d, 0x2f, 0xbb, 0xf6, 0xb7, 0x22, 0xa5, 0xea, 0x9e, 0x2b,
  0x5d, 0x2f, 0xbb, 0xf6, 0xb7, 0x22, 0xa5, 0xea, 0xbd, 0xf5, 0xaf, 0x9f,
  0xf5, 0x27, 0xf9, 0xa2, 0x6b, 0xe7, 0xfd, 0x49, 0xfe, 0x68, 0x9b, 0xe2,
  0x5b, 0xf3, 0x11, 0xf3, 0x4f, 0x91, 0xea, 0x91, 0xca, 0xf9, 0xda, 0x02,
  0xd5, 0x60, 0x80, 0x00, 0x00, 0x00, 0x00, 0x00, 0x00, 0x00, 0x00, 0x00,
  0x00, 0x00, 0x0e, 0x38, 0xdf, 0x8b, 0x91, 0xc7, 0x1b, 0xf1, 0x57, 0x78,
  0xc3, 0xe0, 0xd6, 0x3a, 0xd3, 0xdc, 0xcc, 0xba, 0x7e, 0x32, 0x00, 0xaa,
  0x59, 0xc0, 0x00, 0x00, 0x00, 0x00, 0x00, 0x00, 0x00, 0x00, 0x00, 0x00,
  0x00, 0x0e, 0xc8, 0xb8, 0xcf, 0xf1, 0xaa, 0xaf, 0xfc, 0xb9, 0xd1, 0x6e,
  0x1a, 0x7b, 0x8c, 0xff, 0x00, 0x1a, 0xaa, 0xff, 0x00, 0xcb, 0x9d, 0x16,
  0xe1, 0x6c, 0xee, 0x6f, 0x03, 0xb2, 0xd5, 0x8e, 0xe5, 0xe1, 0xb9, 0x3c,
  0x06, 0xc7, 0x56, 0x9e, 0xe8, 0x00, 0x66, 0xa4, 0x00, 0x00, 0x00, 0x00,
  0x00, 0x00, 0x00, 0x00, 0x00, 0x00, 0x00, 0x50, 0xf5, 0x42, 0xc7, 0x34,
  0x59, 0x88, 0x69, 0x8a, 0xf8, 0xa1, 0xea, 0x85, 0x8e, 0x68, 0xb3, 0x10,
  0xd3, 0x16, 0xbf, 0x84, 0xdc, 0x02, 0x74, 0xc3, 0x57, 0xc2, 0xfc, 0xdb,
  0x3a, 0x61, 0x5b, 0x01, 0x5c, 0xaa, 0x70, 0x00, 0x00, 0x00, 0x00, 0x00,
  0x00, 0x00, 0x00, 0x00, 0x00, 0x00, 0x07, 0x6e, 0x76, 0x3a, 0x7f, 0xbd,
  0x65, 0xa2, 0xff, 0x00, 0xb7, 0x6e, 0xba, 0x8b, 0xb1, 0xd3, 0xfd, 0xeb,
  0x2d, 0x17, 0xfd, 0xbb, 0x75, 0xb3, 0x6e, 0x77, 0x07, 0xa7, 0xfb, 0xfe,
  0x54, 0x66, 0x18, 0xe7, 0x8b, 0x6e, 0xae, 0xcc, 0x00, 0x33, 0x5a, 0xc0,
  0x00, 0x00, 0x00, 0x00, 0x00, 0x00, 0x00, 0x00, 0x00, 0x00, 0x0e, 0xb9,
  0xec, 0x80, 0xff, 0x00, 0x0f, 0xaa, 0x7e, 0xfa, 0x5e, 0x6c, 0xce, 0xc6,
  0x75, 0xcf, 0x64, 0x07, 0xf8, 0x7d, 0x53, 0xf7, 0xd2, 0xf3, 0x66, 0x63,
  0x5f, 0x3f, 0x22, 0xbd, 0x09, 0xdc, 0x18, 0xce, 0xd6, 0x1a, 0xde, 0x6e,
  0x8c, 0x01, 0xaa, 0xaf, 0xd0, 0x00, 0x00, 0x00, 0x00, 0x00, 0x00, 0x00,
  0x00, 0x00, 0x00, 0x00, 0x07, 0x62, 0xf6, 0x35, 0x7a, 0x69, 0xb0, 0xf2,
  0x53, 0xfe, 0x19, 0xde, 0xcf, 0x85, 0xe7, 0x8c, 0x3b, 0x1a, 0xbd, 0x34,
  0xd8, 0x79, 0x29, 0xff, 0x00, 0x0c, 0xef, 0x67, 0xc2, 0xf0, 0x00, 0x00,
  0x00, 0x00, 0x00, 0x00, 0x00, 0x00, 0x00, 0x00, 0x00, 0x00, 0x00, 0x03,
  0xe7, 0x78, 0x0e, 0x9a, 0x42, 0x80, 0x00, 0x00, 0x00, 0x00, 0x00, 0x00,
  0x00, 0x00, 0x00, 0x00, 0x00, 0x0e, 0x38, 0xdf, 0x8b, 0x91, 0xc7, 0x1b,
  0xf1, 0x57, 0x78, 0xc3, 0xe0, 0xd6, 0x3a, 0xd3, 0xdc, 0xcc, 0xba, 0x7e,
  0x32, 0x00, 0xaa, 0x59, 0xc0, 0x00, 0x00, 0x00, 0x00, 0x00, 0x00, 0x00,
  0x00, 0x00, 0x00, 0x00, 0x0e, 0xc8, 0xb8, 0xcf, 0xf1, 0xaa, 0xaf, 0xfc,
  0xb9, 0xd1, 0x6e, 0x1a, 0x7b, 0x8c, 0xff, 0x00, 0x1a, 0xaa, 0xff, 0x00,
  0xcb, 0x9d, 0x16, 0xe1, 0x6c, 0xee, 0x6f, 0x03, 0xb2, 0xd5, 0x8e, 0xe5,
  0xe1, 0xb9, 0x3c, 0x06, 0xc7, 0x56, 0x9e, 0xe8, 0x00, 0x66, 0xa4, 0x00,
  0x00, 0x00, 0x00, 0x00, 0x00, 0x00, 0x00, 0x00, 0x00, 0x00, 0x50, 0xf5,
  0x42, 0xc7, 0x34, 0x59, 0x88, 0x69, 0x8a, 0xf8, 0xa1, 0xea, 0x85, 0x8e,
  0x68, 0xb3, 0x10, 0xd3, 0x16, 0xbf, 0x84, 0xdc, 0x02, 0x74, 0xc3, 0x57,
  0xc2, 0xfc, 0xdb, 0x3a, 0x61, 0x5b, 0x01, 0x5c, 0xaa, 0x70, 0x00, 0x00,
  0x00, 0x00, 0x00, 0x00, 0x00, 0x00, 0x00, 0x00, 0x00, 0x07, 0x6e, 0x76,
  0x3a, 0x7f, 0xbd, 0x65, 0xa2, 0xff, 0x00, 0xb7, 0x6e, 0xba, 0x8b, 0xb1,
  0xd3, 0xfd, 0xeb, 0x2d, 0x17, 0xfd, 0xbb, 0x75, 0xb3, 0x6e, 0x77, 0x07,
  0xa7, 0xfb, 0xfe, 0x54, 0x66, 0x18, 0xe7, 0x8b, 0x6e, 0xae, 0xcc, 0x00,
  0x33, 0x5a, 0xc0, 0x00, 0x00, 0x00, 0x00, 0x00, 0x00, 0x00, 0x00, 0x00,
  0x00, 0x0e, 0xb9, 0xec, 0x80, 0xff, 0x00, 0x0f, 0xaa, 0x7e, 0xfa, 0x5e,
  0x6c, 0xce, 0xc6, 0x75, 0xcf, 0x64, 0x07, 0xf8, 0x7d, 0x53, 0xf7, 0xd2,
  0xf3, 0x66, 0x63, 0x5f, 0x3f, 0x22, 0xbd, 0x09, 0xdc, 0x18, 0xce, 0xd6,
  0x1a, 0xde, 0x6e, 0x8c, 0x01, 0xaa, 0xaf, 0xd0, 0x00, 0x00, 0x00, 0x00,
  0x00, 0x00, 0x00, 0x00, 0x00, 0x00, 0x00, 0x07, 0x62, 0xf6, 0x35, 0x7a,
  0x69, 0xb0, 0xf2, 0x53, 0xfe, 0x19, 0xde, 0xcf, 0x85, 0xe7, 0x8c, 0x3b,
  0x1a, 0xbd, 0x34, 0xd8, 0x79, 0x29, 0xff, 0x00, 0x0c, 0xef, 0x67, 0xc2,
  0xf0, 0x00, 0x00, 0x00, 0x00, 0x00, 0x00, 0x00, 0x00, 0x00, 0x00, 0x00,
  0x00, 0x00, 0x03, 0xe7, 0x78, 0x0e, 0x9a, 0x42, 0x80, 0x00, 0x00, 0x00,
  0x00, 0x00, 0x00, 0x00, 0x00, 0x00, 0x00, 0x00, 0x0e, 0x38, 0xdf, 0x8b,
  0x91, 0xc7, 0x1b, 0xf1, 0x57, 0x78, 0xc3, 0xe0, 0xd6, 0x3a, 0xd3, 0xdc,
  0xcc, 0xba, 0x7e, 0x32, 0x00, 0xaa, 0x59, 0xc0, 0x00, 0x00, 0x00, 0x00,
  0x00, 0x00, 0x00, 0x00, 0x00, 0x00, 0x00, 0x0e, 0xc8, 0xb8, 0xcf, 0xf1,
  0xaa, 0xaf, 0xfc, 0xb9, 0xd1, 0x6e, 0x1a, 0x7b, 0x8c, 0xff, 0x00, 0x1a,
  0xaa, 0xff, 0x00, 0xcb, 0x9d, 0x16, 0xe1, 0x6c, 0xee, 0x6f, 0x03, 0xb2,
  0xd5, 0x8e, 0xe5, 0xe1, 0xb9, 0x3c, 0x06, 0xc7, 0x56, 0x9e, 0xe8, 0x00,
  0x66, 0xa4, 0x00, 0x00, 0x00, 0x00, 0x00, 0x00, 0x00, 0x00, 0x00, 0x00,
  0x00, 0x50, 0xf5, 0x42, 0xc7, 0x34, 0x59, 0x88, 0x69, 0x8a, 0xf8, 0xa1,
  0xea, 0x85, 0x8e, 0x68, 0xb3, 0x10, 0xd3, 0x16, 0xbf, 0x84, 0xdc, 0x02,
  0x74, 0xc3, 0x57, 0xc2, 0xfc, 0xdb, 0x3a, 0x61, 0x5b, 0x01, 0x5c, 0xaa,
  0x70, 0x00, 0x00, 0x00, 0x00, 0x00, 0x00, 0x00, 0x00, 0x00, 0x00, 0x00,
  0x07, 0x6e, 0x76, 0x3a, 0x7f, 0xbd, 0x65, 0xa2, 0xff, 0x00, 0xb7, 0x6e,
  0xba, 0x8b, 0xb1, 0xd3, 0xfd, 0xeb, 0x2d, 0x17, 0xfd, 0xbb, 0x75, 0xb3,
  0x6e, 0x77, 0x07, 0xa7, 0xfb, 0xfe, 0x54, 0x66, 0x18, 0xe7, 0x8b, 0x6e,
  0xae, 0xcc, 0x00, 0x33, 0x5a, 0xc0, 0x00, 0x00, 0x00, 0x00, 0x00, 0x00,
  0x00, 0x00, 0x00, 0x00, 0x0e, 0xb9, 0xec, 0x80, 0xff, 0x00, 0x0f, 0xaa,
  0x7e, 0xfa, 0x5e, 0x6c, 0xce, 0xc6, 0x75, 0xcf, 0x64, 0x07, 0xf8, 0x7d,
  0x53, 0xf7, 0xd2, 0xf3, 0x66, 0x63, 0x5f, 0x3f, 0x22, 0xbd, 0x09, 0xdc,
  0x18, 0xce, 0xd6, 0x1a, 0xde, 0x6e, 0x8c, 0x01, 0xaa, 0xaf, 0xd0, 0x00,
  0x00, 0x00, 0x00, 0x00, 0x00, 0x00, 0x00, 0x00, 0x00, 0x00, 0x07, 0x62,
  0xf6, 0x35, 0x7a, 0x69, 0xb0, 0xf2, 0x53, 0xfe, 0x19, 0xde, 0xcf, 0x85,
  0xe7, 0x8c, 0x3b, 0x1a, 0xbd, 0x34, 0xd8, 0x79, 0x29, 0xff, 0x00, 0x0c,
  0xef, 0x67, 0xc2, 0xf0, 0x00, 0x00, 0x00, 0x00, 0x00, 0x00, 0x00, 0x00,
  0x00, 0x00, 0x00, 0x00, 0x00, 0x03, 0xe7, 0x78, 0xe7, 0xee, 0x72, 0xee,
  0x1d, 0xce, 0x5d, 0xc5, 0xe5, 0xef, 0x6d, 0xc7, 0xe1, 0xab, 0xb2, 0x3c,
  0xd0, 0x7f, 0x6e, 0x1c, 0x03, 0x9f, 0xb9, 0xcb, 0xb8, 0x77, 0x39, 0x77,
  0x0f, 0x7b, 0x6e, 0x3f, 0x0d, 0x5d, 0x91, 0xe6, 0x7d, 0xb8, 0x70, 0x0e,
  0x7e, 0xe7, 0x2e, 0xe1, 0xdc, 0xe5, 0xdc, 0x3d, 0xed, 0xb8, 0xfc, 0x35,
  0x76, 0x47, 0x99, 0xf6, 0xe1, 0xc0, 0x39, 0xfb, 0x9c, 0xbb, 0x87, 0x73,
  0x97, 0x70, 0xf7, 0xb6, 0xe3, 0xf0, 0xd5, 0xd9, 0x1e, 0x67, 0xdb, 0x87,
  0x00, 0xe7, 0xee, 0x72, 0xee, 0x1d, 0xce, 0x5d, 0xc3, 0xde, 0xdb, 0x8f,
  0xc3, 0x57, 0x64, 0x79, 0x9f, 0x6e, 0x1c, 0x03, 0x9f, 0xb9, 0xcb, 0xb8,
  0x77, 0x39, 0x77, 0x0f, 0x7b, 0x6e, 0x3f, 0x0d, 0x5d, 0x91, 0xe6, 0x7d,
  0xb8, 0x70, 0x0e, 0x7e, 0xe7, 0x2e, 0xe1, 0xdc, 0xe5, 0xdc, 0x3d, 0xed,
  0xb8, 0xfc, 0x35, 0x76, 0x47, 0x99, 0xf6, 0xe1, 0xc0, 0x39, 0xfb, 0x9c,
  0xbb, 0x87, 0x73, 0x97, 0x70, 0xf7, 0xb6, 0xe3, 0xf0, 0xd5, 0xd9, 0x1e,
  0x67, 0xdb, 0x87, 0x00, 0xe7, 0xee, 0x72, 0xee, 0x1d, 0xce, 0x5d, 0xc3,
  0xde, 0xdb, 0x8f, 0xc3, 0x57, 0x64, 0x79, 0x9f, 0x6e, 0x1c, 0x0e, 0x38,
  0xdf, 0x8a, 0x5f, 0x73, 0x97, 0x71, 0x8e, 0xe3, 0x47, 0xb9, 0x1e, 0x36,
  0xa9, 0x85, 0x7b, 0xa5, 0x65, 0xba, 0xf6, 0x36, 0x74, 0x58, 0x44, 0xc4,
  0xd3, 0x33, 0x3f, 0x7f, 0xdd, 0xfe, 0x3f, 0xd4, 0xcb, 0xde, 0xc2, 0xde,
  0x9b, 0x39, 0x99, 0x94, 0x51, 0x2b, 0xb8, 0xd1, 0xee, 0x47, 0x8c, 0xee,
  0x34, 0x7b, 0x91, 0xe3, 0x68, 0xfe, 0xcd, 0xb6, 0xe5, 0x8f, 0xef, 0xfc,
  0x64, 0xfa, 0xed, 0x9f, 0xfb, 0x45, 0x12, 0xbb, 0x8d, 0x1e, 0xe4, 0x78,
  0xdb, 0x7b, 0x89, 0xb2, 0xaa, 0x56, 0x9d, 0xd8, 0xd8, 0xb6, 0x6d, 0x72,
  0x8e, 0x69, 0xea, 0xd5, 0xaa, 0xfd, 0x05, 0x0d, 0x34, 0xb0, 0x9e, 0x32,
  0xc6, 0x32, 0x4d, 0x3c, 0x21, 0x18, 0x76, 0xe1, 0xfd, 0xe1, 0xfd, 0xa3,
  0x7c, 0x9d, 0xce, 0xb5, 0x88, 0xf4, 0xfa, 0x63, 0xfb, 0xff, 0x00, 0x1f,
  0xb1, 0x7c, 0xb3, 0x99, 0xf4, 0x7d, 0xea, 0xf0, 0xfa, 0x19, 0x0e, 0xc5,
  0x8d, 0x46, 0x7d, 0xdf, 0xaf, 0xfd, 0xde, 0xb3, 0xd7, 0x67, 0xfa, 0x58,
  0xd4, 0x67, 0xdd, 0xfa, 0xff, 0x00, 0xdd, 0xeb, 0x3d, 0x76, 0x03, 0x2d,
  0xf3, 0xc8, 0x7d, 0x0d, 0xfe, 0x96, 0x35, 0x19, 0xf7, 0x7e, 0xbf, 0xf7,
  0x7a, 0xcf, 0x5c, 0xfe, 0x96, 0x35, 0x19, 0xf7, 0x7e, 0xbf, 0xf7, 0x7a,
  0xcf, 0x5c, 0x1f, 0x3c, 0x87, 0xd0, 0xdf, 0xe9, 0x63, 0x51, 0x9f, 0x77,
  0xeb, 0xff, 0x00, 0x77, 0xac, 0xf5, 0xcf, 0xe9, 0x63, 0x51, 0x9f, 0x77,
  0xeb, 0xff, 0x00, 0x77, 0xac, 0xf5, 0xc1, 0xf3, 0xc8, 0x7d, 0x0d, 0xfe,
  0x96, 0x35, 0x19, 0xf7, 0x7e, 0xbf, 0xf7, 0x7a, 0xcf, 0x5c, 0xfe, 0x96,
  0x35, 0x19, 0xf7, 0x7e, 0xbf, 0xf7, 0x7a, 0xcf, 0x5c, 0x1f, 0x3c, 0x87,
  0xd0, 0xdf, 0xe9, 0x63, 0x51, 0x9f, 0x77, 0xeb, 0xff, 0x00, 0x77, 0xac,
  0xf5, 0xcf, 0xe9, 0x63, 0x51, 0x9f, 0x77, 0xeb, 0xff, 0x00, 0x77, 0xac,
  0xf5, 0xc1, 0xf3, 0xc8, 0x7d, 0x0d, 0xfe, 0x96, 0x35, 0x19, 0xf7, 0x7e,
  0xbf, 0xf7, 0x7a, 0xcf, 0x5c, 0xfe, 0x96, 0x35, 0x19, 0xf7, 0x7e, 0xbf,
  0xf7, 0x7a, 0xcf, 0x5c, 0x1f, 0x3c, 0x87, 0xd0, 0xdf, 0xe9, 0x63, 0x51,
  0x9f, 0x77, 0xeb, 0xff, 0x00, 0x77, 0xac, 0xf5, 0xcf, 0xe9, 0x63, 0x51,
  0x9f, 0x77, 0xeb, 0xff, 0x00, 0x77, 0xac, 0xf5, 0xc1, 0xe3, 0xab, 0x8c,
  0xff, 0x00, 0x1a, 0xaa, 0xff, 0x00, 0xcb, 0x9d, 0x16, 0xe1, 0xec, 0x3b,
  0x3f, 0xb1, 0xef, 0x52, 0xea, 0x8d, 0x52, 0x4a, 0xad, 0x5a, 0xc5, 0xad,
  0x4b, 0x45, 0x27, 0x6f, 0x5b, 0x08, 0xda, 0x34, 0xf3, 0x47, 0xfb, 0xc7,
  0xb7, 0x7e, 0x33, 0x24, 0x79, 0x06, 0xd4, 0xd7, 0x79, 0xeb, 0x3c, 0xbe,
  0x9b, 0xac, 0xde, 0x6e, 0x78, 0x4b, 0x74, 0xb1, 0xb0, 0xa2, 0xce, 0xa8,
  0xab, 0xd3, 0x11, 0x11, 0xf8, 0x47, 0xf8, 0x8d, 0x2b, 0x22, 0xe3, 0x85,
  0xd7, 0x2b, 0xbd, 0xda, 0xce, 0xca, 0xaa, 0x6a, 0xf4, 0xd3, 0x4c, 0x47,
  0xe1, 0x1f, 0xe2, 0x3d, 0x1c, 0xaf, 0x1a, 0x0f, 0x65, 0xf9, 0x06, 0xd4,
  0xd7, 0x79, 0xeb, 0x3c, 0xbe, 0x9b, 0xac, 0x79, 0x06, 0xd4, 0xd7, 0x79,
  0xeb, 0x3c, 0xbe, 0x9b, 0xac, 0xc8, 0xf7, 0xaa, 0xe7, 0xf0, 0xd5, 0xd9,
  0x1e, 0x6c, 0xaf, 0x7d, 0x6e, 0x1f, 0x0d, 0x5d, 0x91, 0xe6, 0xf1, 0xa0,
  0xf6, 0x5f, 0x90, 0x6d, 0x4d, 0x77, 0x9e, 0xb3, 0xcb, 0xe9, 0xba, 0xc7,
  0x90, 0x6d, 0x4d, 0x77, 0x9e, 0xb3, 0xcb, 0xe9, 0xba, 0xc7, 0xbd, 0x57,
  0x3f, 0x86, 0xae, 0xc8, 0xf3, 0x3d, 0xf5, 0xb8, 0x7c, 0x35, 0x76, 0x47,
  0x9b, 0xc6, 0x83, 0xd9, 0x7e, 0x41, 0xb5, 0x35, 0xde, 0x7a, 0xcf, 0x2f,
  0xa6, 0xeb, 0x1e, 0x41, 0xb5, 0x35, 0xde, 0x7a, 0xcf, 0x2f, 0xa6, 0xeb,
  0x1e, 0xf5, 0x5c, 0xfe, 0x1a, 0xbb, 0x23, 0xcc, 0xf7, 0xd6, 0xe1, 0xf0,
  0xd5, 0xd9, 0x1e, 0x6f, 0x1a, 0x0f, 0x65, 0xf9, 0x06, 0xd4, 0xd7, 0x79,
  0xeb, 0x3c, 0xbe, 0x9b, 0xac, 0xa4, 0x6a, 0xef, 0xa9, 0x3d, 0xc4, 0xdc,
  0xae, 0xa4, 0x77, 0x45, 0x74, 0x16, 0x2d, 0x9b, 0x4d, 0x41, 0x68, 0x54,
  0xaa, 0xbd, 0xd2, 0x82, 0x92, 0x6a, 0xdd, 0x24, 0xf0, 0x96, 0x6d, 0x7c,
  0xb0, 0xfe, 0xf2, 0xcd, 0x18, 0xc2, 0x3f, 0xda, 0x31, 0xbe, 0xfb, 0xa3,
  0x09, 0xee, 0x95, 0xd5, 0x14, 0xc4, 0x55, 0xf7, 0xff, 0x00, 0xa8, 0xf3,
  0x23, 0x0d, 0x2e, 0x13, 0x3e, 0x8f, 0xb3, 0x57, 0x64, 0x79, 0xbc, 0xd6,
  0x28, 0x71, 0xba, 0x4b, 0x5f, 0xb7, 0x1f, 0xfc, 0xf4, 0x7f, 0x46, 0x5e,
  0x83, 0xc6, 0x5b, 0x63, 0xf5, 0xe8, 0xfe, 0x8c, 0xbd, 0x09, 0x7f, 0x5d,
  0xb3, 0xe4, 0x96, 0x4f, 0xbd, 0x57, 0x2e, 0x4a, 0xbb, 0x23, 0xcd, 0x7c,
  0x14, 0x3f, 0x19, 0x6d, 0x8f, 0xd7, 0xa3, 0xfa, 0x32, 0xf4, 0x1e, 0x32,
  0xdb, 0x1f, 0xaf, 0x47, 0xf4, 0x65, 0xe8, 0x3d, 0x76, 0xcf, 0x92, 0x4f,
  0x7a, 0xae, 0x5c, 0x95, 0x76, 0x47, 0x9a, 0xf8, 0x28, 0x7e, 0x32, 0xdb,
  0x1f, 0xaf, 0x47, 0xf4, 0x65, 0xe8, 0x3c, 0x65, 0xb6, 0x3f, 0x5e, 0x8f,
  0xe8, 0xcb, 0xd0, 0x7a, 0xed, 0x9f, 0x24, 0x9e, 0xf5, 0x5c, 0xb9, 0x2a,
  0xec, 0x8f, 0x35, 0xf0, 0x50, 0xfc, 0x65, 0xb6, 0x3f, 0x5e, 0x8f, 0xe8,
  0xcb, 0xd0, 0x78, 0xcb, 0x6c, 0x7e, 0xbd, 0x1f, 0xd1, 0x97, 0xa0, 0xf5,
  0xdb, 0x3e, 0x49, 0x3d, 0xea, 0xb9, 0x72, 0x55, 0xd9, 0x1e, 0x6b, 0xe2,
  0x87, 0xaa, 0x16, 0x39, 0xa2, 0xcc, 0x43, 0x4c, 0x4f, 0x19, 0x6d, 0x8f,
  0xd7, 0xa3, 0xfa, 0x32, 0xf4, 0x35, 0xd6, 0x95, 0x6a, 0x9e, 0xd1, 0xa7,
  0x85, 0x35, 0x6e, 0x68, 0x4f, 0x3c, 0x25, 0xd6, 0xc2, 0x30, 0x84, 0x25,
  0xfe, 0xdf, 0x04, 0x5e, 0xec, 0x47, 0xae, 0xdd, 0xa6, 0xca, 0xcf, 0xf1,
  0xf4, 0xc7, 0xe2, 0x86, 0xdd, 0xed, 0xda, 0xbb, 0xee, 0x85, 0xce, 0x6c,
  0x2c, 0xa2, 0x7d, 0x3e, 0x98, 0x9f, 0xbf, 0xd1, 0xe8, 0xfb, 0xbf, 0xec,
  0xb5, 0x82, 0x4f, 0x72, 0xa3, 0xdc, 0x8f, 0x19, 0xdc, 0xa8, 0xf7, 0x23,
  0xc6, 0xd4, 0xbd, 0x85, 0x79, 0xe5, 0x8e, 0xd9, 0xf2, 0x68, 0xde, 0xa9,
  0x5f, 0xfa, 0x46, 0x12, 0x7b, 0x95, 0x1e, 0xe4, 0x78, 0xce, 0xe5, 0x47,
  0xb9, 0x1e, 0x33, 0xd8, 0x57, 0x9e, 0x58, 0xed, 0x9f, 0x23, 0xd5, 0x2b,
  0xff, 0x00, 0x48, 0xc2, 0x4f, 0x72, 0xa3, 0xdc, 0x8f, 0x19, 0xdc, 0xa8,
  0xf7, 0x23, 0xc6, 0x7b, 0x0a, 0xf3, 0xcb, 0x1d, 0xb3, 0xe4, 0x7a, 0xa5,
  0x7f, 0xe9, 0x18, 0x49, 0xee, 0x54, 0x7b, 0x91, 0xe3, 0x3b, 0x95, 0x1e,
  0xe4, 0x78, 0xcf, 0x61, 0x5e, 0x79, 0x63, 0xb6, 0x7c, 0x8f, 0x54, 0xaf,
  0xfd, 0x23, 0x09, 0x3d, 0xca, 0x8f, 0x72, 0x3c, 0x67, 0x72, 0xa3, 0xdc,
  0x8f, 0x19, 0xec, 0x2b, 0xcf, 0x2c, 0x76, 0xcf, 0x91, 0xea, 0x95, 0xff,
  0x00, 0xa4, 0x61, 0x27, 0xb9, 0x51, 0xee, 0x47, 0x8c, 0xee, 0x54, 0x7b,
  0x91, 0xe3, 0x3d, 0x85, 0x79, 0xe5, 0x8e, 0xd9, 0xf2, 0x3d, 0x52, 0xbf,
  0xf4, 0x8c, 0x24, 0xf7, 0x2a, 0x3d, 0xc8, 0xf1, 0xbf, 0x14, 0xb4, 0x72,
  0x4b, 0x47, 0x18, 0xc2, 0x11, 0xed, 0xe5, 0x79, 0xda, 0xee, 0x35, 0xe2,
  0xca, 0x89, 0xae, 0xa9, 0x8f, 0x44, 0x7d, 0xff, 0x00, 0xe7, 0xc9, 0xf9,
  0x55, 0xda, 0xba, 0x63, 0xd3, 0x2e, 0x10, 0x11, 0x2c, 0x70, 0x00, 0x76,
  0xe7, 0x63, 0xa7, 0xfb, 0xd6, 0x5a, 0x2f, 0xfb, 0x76, 0xeb, 0xcc, 0x17,
  0x31, 0x75, 0x36, 0xd5, 0xcd, 0xf7, 0xc7, 0x82, 0x2b, 0x14, 0x54, 0x3d,
  0xf1, 0xad, 0xee, 0x9a, 0xfa, 0x19, 0x69, 0x3b, 0x7d, 0xab, 0xdb, 0x28,
  0x7f, 0x6b, 0xed, 0xd7, 0x95, 0x2b, 0xb4, 0xdf, 0x1a, 0xb7, 0x22, 0xa3,
  0xe8, 0x4c, 0xdd, 0x37, 0x42, 0xca, 0xc6, 0xca, 0x28, 0xaa, 0x27, 0xd3,
  0x1f, 0xde, 0x55, 0x6b, 0xbb, 0xf8, 0x21, 0x7e, 0xdd, 0x0b, 0xfd, 0xa5,
  0xe6, 0xca, 0xaa, 0x62, 0x9a, 0xbd, 0x1f, 0x8c, 0xcf, 0xa7, 0xee, 0x88,
  0x8e, 0x49, 0xe4, 0x7a, 0x14, 0x79, 0xeb, 0xca, 0x95, 0xda, 0x6f, 0x8d,
  0x5b, 0x91, 0x51, 0xf4, 0x1e, 0x54, 0xae, 0xd3, 0x7c, 0x6a, 0xdc, 0x8a,
  0x8f, 0xa1, 0x91, 0xed, 0x5b, 0x1e, 0x49, 0xfe, 0xff, 0x00, 0xd4, 0x3f,
  0xb8, 0x1b, 0xa7, 0xf1, 0x51, 0xdb, 0x3f, 0xc5, 0xe8, 0x51, 0xe7, 0xaf,
  0x2a, 0x57, 0x69, 0xbe, 0x35, 0x6e, 0x45, 0x47, 0xd0, 0x79, 0x52, 0xbb,
  0x4d, 0xf1, 0xab, 0x72, 0x2a, 0x3e, 0x83, 0xda, 0xb6, 0x3c, 0x93, 0xfd,
  0xff, 0x00, 0xa7, 0xb8, 0x1b, 0xa7, 0xf1, 0x51, 0xdb, 0x3f, 0xc5, 0xe8,
  0x51, 0xe7, 0xaf, 0x2a, 0x57, 0x69, 0xbe, 0x35, 0x6e, 0x45, 0x47, 0xd0,
  0x79, 0x52, 0xbb, 0x4d, 0xf1, 0xab, 0x72, 0x2a, 0x3e, 0x83, 0xda, 0xb6,
  0x3c, 0x93, 0xfd, 0xff, 0x00, 0xa7, 0xb8, 0x1b, 0xa7, 0xf1, 0x51, 0xdb,
  0x3f, 0xc5, 0xe8, 0x51, 0xe7, 0xaf, 0x2a, 0x57, 0x69, 0xbe, 0x35, 0x6e,
  0x45, 0x47, 0xd0, 0x79, 0x52, 0xbb, 0x4d, 0xf1, 0xab, 0x72, 0x2a, 0x3e,
  0x83, 0xda, 0xb6, 0x3c, 0x93, 0xfd, 0xff, 0x00, 0xa7, 0xb8, 0x1b, 0xa7,
  0xf1, 0x51, 0xdb, 0x3f, 0xc5, 0xe8, 0x51, 0xe7, 0xaf, 0x2a, 0x57, 0x69,
  0xbe, 0x35, 0x6e, 0x45, 0x47, 0xd0, 0x79, 0x52, 0xbb, 0x4d, 0xf1, 0xab,
  0x72, 0x2a, 0x3e, 0x83, 0xda, 0xb6, 0x3c, 0x93, 0xfd, 0xff, 0x00, 0xa7,
  0xb8, 0x1b, 0xa7, 0xf1, 0x51, 0xdb, 0x3f, 0xc5, 0xe8, 0x51, 0xe7, 0xaf,
  0x2a, 0x57, 0x69, 0xbe, 0x35, 0x6e, 0x45, 0x47, 0xd0, 0x79, 0x52, 0xbb,
  0x4d, 0xf1, 0xab, 0x72, 0x2a, 0x3e, 0x83, 0xda, 0xb6, 0x3c, 0x93, 0xfd,
  0xff, 0x00, 0xa7, 0xb8, 0x1b, 0xa7, 0xf1, 0x51, 0xdb, 0x3f, 0xc5, 0xe8,
  0x51, 0xe7, 0xaf, 0x2a, 0x57, 0x69, 0xbe, 0x35, 0x6e, 0x45, 0x47, 0xd0,
  0x79, 0x52, 0xbb, 0x4d, 0xf1, 0xab, 0x72, 0x2a, 0x3e, 0x83, 0xda, 0xb6,
  0x3c, 0x93, 0xfd, 0xff, 0x00, 0xa7, 0xb8, 0x1b, 0xa7, 0xf1, 0x51, 0xdb,
  0x3f, 0xc5, 0xe8, 0x51, 0xe7, 0xaf, 0x2a, 0x57, 0x69, 0xbe, 0x35, 0x6e,
  0x45, 0x47, 0xd0, 0x79, 0x52, 0xbb, 0x4d, 0xf1, 0xab, 0x72, 0x2a, 0x3e,
  0x83, 0xda, 0xb6, 0x3c, 0x93, 0xfd, 0xff, 0x00, 0xa7, 0xb8, 0x1b, 0xa7,
  0xf1, 0x51, 0xdb, 0x3f, 0xc5, 0xe8, 0x57, 0x5c, 0xf6, 0x40, 0x7f, 0x87,
  0xd5, 0x3f, 0x7d, 0x2f, 0x36, 0x65, 0x03, 0xca, 0x95, 0xda, 0x6f, 0x8d,
  0x5b, 0x91, 0x51, 0xf4, 0x34, 0xf7, 0x59, 0x76, 0xd7, 0x45, 0x6f, 0x59,
  0xf2, 0x55, 0x2d, 0x4a, 0xdd, 0x0d, 0x2d, 0x0c, 0x94, 0xb0, 0xa4, 0x96,
  0x12, 0xd5, 0xe4, 0x92, 0x3a, 0xee, 0xd4, 0x61, 0x7e, 0x10, 0xff, 0x00,
  0xdb, 0xc6, 0xf1, 0xba, 0x36, 0x56, 0x96, 0x55, 0x51, 0x11, 0x3e, 0x99,
  0xfe, 0xf2, 0xa4, 0xb7, 0x1b, 0x03, 0x37, 0x42, 0xe5, 0x7e, 0xb2, 0xbc,
  0x5a, 0x55, 0x4f, 0xd9, 0xa6, 0x7d, 0x33, 0xe8, 0x99, 0xf4, 0xec, 0xb4,
  0x62, 0x1f, 0x77, 0xa5, 0xf5, 0xa1, 0xc4, 0x77, 0x7a, 0x5f, 0x5a, 0x1c,
  0x48, 0x45, 0xa0, 0x98, 0x21, 0xf7, 0x7a, 0x5f, 0x5a, 0x1c, 0x47, 0x77,
  0xa5, 0xf5, 0xa1, 0xc4, 0x09, 0x82, 0x1f, 0x77, 0xa5, 0xf5, 0xa1, 0xc4,
  0x42, 0x9e, 0x97, 0xd6, 0x87, 0x10, 0x26, 0x0c, 0x41, 0x90, 0x00, 0x00,
  0x00, 0x07, 0x3d, 0x5e, 0x8a, 0x49, 0xe4, 0x8c, 0x66, 0x84, 0x63, 0x1e,
  0xde, 0xeb, 0x93, 0xb8, 0x51, 0x7a, 0xb1, 0xe3, 0x04, 0x41, 0x2f, 0xb8,
  0x51, 0x7a, 0xb1, 0xe3, 0x3b, 0x85, 0x17, 0xab, 0x1e, 0x30, 0x44, 0x12,
  0xfb, 0x85, 0x17, 0xab, 0x1e, 0x33, 0xb8, 0x51, 0x7a, 0xb1, 0xe3, 0x05,
  0xeb, 0xb1, 0xab, 0xd3, 0x4d, 0x87, 0x92, 0x9f, 0xf0, 0xce, 0xf6, 0x7c,
  0x2f, 0x3c, 0x0f, 0x73, 0x76, 0xcd, 0xa1, 0x72, 0xd6, 0xcd, 0x05, 0xbb,
  0x62, 0x52, 0xc9, 0x41, 0x5f, 0xab, 0x6b, 0xbb, 0x94, 0xf3, 0xd1, 0xc2,
  0x92, 0x10, 0xd7, 0x42, 0x32, 0xc7, 0xfd, 0x33, 0x7f, 0x68, 0xff, 0x00,
  0x68, 0xc5, 0x71, 0xf2, 0xf5, 0xaa, 0x6e, 0xfc, 0xd4, 0xbe, 0xd9, 0x43,
  0xd5, 0x07, 0xb1, 0xc7, 0x8e, 0x3c, 0xbd, 0x6a, 0x9b, 0xbf, 0x35, 0x2f,
  0xb6, 0x50, 0xf5, 0x4f, 0x2f, 0x5a, 0xa6, 0xef, 0xcd, 0x4b, 0xed, 0x94,
  0x3d, 0x50, 0x7b, 0x1c, 0x78, 0xe3, 0xcb, 0xd6, 0xa9, 0xbb, 0xf3, 0x52,
  0xfb, 0x65, 0x0f, 0x54, 0xf2, 0xf5, 0xaa, 0x6e, 0xfc, 0xd4, 0xbe, 0xd9,
  0x43, 0xd5, 0x07, 0xb1, 0xc7, 0x8e, 0x3c, 0xbd, 0x6a, 0x9b, 0xbf, 0x35,
  0x2f, 0xb6, 0x50, 0xf5, 0x4f, 0x2f, 0x5a, 0xa6, 0xef, 0xcd, 0x4b, 0xed,
  0x94, 0x3d, 0x50, 0x7b, 0x1c, 0x78, 0xe3, 0xcb, 0xd6, 0xa9, 0xbb, 0xf3,
  0x52, 0xfb, 0x65, 0x0f, 0x54, 0xf2, 0xf5, 0xaa, 0x6e, 0xfc, 0xd4, 0xbe,
  0xd9, 0x43, 0xd5, 0x07, 0xb1, 0xc7, 0x8e, 0x3c, 0xbd, 0x6a, 0x9b, 0xbf,
  0x35, 0x2f, 0xb6, 0x50, 0xf5, 0x4f, 0x2f, 0x5a, 0xa6, 0xef, 0xcd, 0x4b,
  0xed, 0x94, 0x3d, 0x50, 0x7b, 0x1c, 0x78, 0xe3, 0xcb, 0xd6, 0xa9, 0xbb,
  0xf3, 0x52, 0xfb, 0x65, 0x0f, 0x54, 0xf2, 0xf5, 0xaa, 0x6e, 0xfc, 0xd4,
  0xbe, 0xd9, 0x43, 0xd5, 0x07, 0xb1, 0xc7, 0x8e, 0x3c, 0xbd, 0x6a, 0x9b,
  0xbf, 0x35, 0x2f, 0xb6, 0x50, 0xf5, 0x4f, 0x2f, 0x5a, 0xa6, 0xef, 0xcd,
  0x4b, 0xed, 0x94, 0x3d, 0x50, 0x7b, 0x1c, 0x78, 0xe3, 0xcb, 0xd6, 0xa9,
  0xbb, 0xf3, 0x52, 0xfb, 0x65, 0x0f, 0x54, 0xf2, 0xf5, 0xaa, 0x6e, 0xfc,
  0xd4, 0xbe, 0xd9, 0x43, 0xd5, 0x07, 0xb1, 0xc7, 0x8e, 0x3c, 0xbd, 0x6a,
  0x9b, 0xbf, 0x35, 0x2f, 0xb6, 0x50, 0xf5, 0x4f, 0x2f, 0x5a, 0xa6, 0xef,
  0xcd, 0x4b, 0xed, 0x94, 0x3d, 0x50, 0x50, 0x00, 0x6d, 0x6d, 0x7c, 0x00,
  0x00, 0x00, 0x00, 0x00, 0x00, 0x00, 0x00, 0x00, 0x00, 0x00, 0x00, 0x00,
  0x00, 0x00, 0x58, 0x35, 0x34, 0xf4, 0x8b, 0x73, 0x7f, 0xca, 0xd5, 0xbf,
  0x2c, 0xaa, 0xfa, 0xc1, 0xa9, 0xa7, 0xa4, 0x5b, 0x9b, 0xfe, 0x56, 0xad,
  0xf9, 0x65, 0x7c, 0xd7, 0x91, 0x2f, 0xaa, 0x32, 0xa1, 0xf5, 0x2e, 0x17,
  0x82, 0x17, 0x86, 0xac, 0x9e, 0x00, 0x00, 0x00, 0x00, 0x00, 0x00, 0x00,
  0x00, 0x00, 0x00, 0x00, 0x00, 0x00, 0x00, 0x00, 0x1d, 0x67, 0xd9, 0x4d,
  0xe8, 0x02, 0xeb, 0xff, 0x00, 0x63, 0x0f, 0xc9, 0x23, 0xb3, 0x1d, 0x67,
  0xd9, 0x4d, 0xe8, 0x02, 0xeb, 0xff, 0x00, 0x63, 0x0f, 0xc9, 0x23, 0xda,
  0xed, 0xf9, 0xd4, 0x69, 0x8e, 0xf7, 0xd5, 0x19, 0x50, 0xf9, 0xbf, 0x36,
  0xca, 0x39, 0x58, 0x66, 0x6d, 0x94, 0x72, 0xb0, 0xb0, 0x93, 0x00, 0x00,
  0x00, 0x00, 0x00, 0x00, 0x00, 0x00, 0x00, 0x00, 0x00, 0x00, 0x00, 0x00,
  0x00, 0x03, 0xf1, 0x4f, 0x82, 0x8f, 0xc1, 0xfb, 0x7e, 0x29, 0xf0, 0x51,
  0xf8, 0x31, 0x6f, 0xdc, 0x1a, 0xd3, 0x44, 0xbc, 0xed, 0x72, 0x25, 0x18,
  0x06, 0x82, 0x89, 0x00, 0x00, 0x00, 0x00, 0x00, 0x00, 0x00, 0x00, 0x00,
  0x00, 0x00, 0x00, 0x00, 0x00, 0x00, 0x1c, 0x15, 0xbc, 0x1c, 0x32, 0xb9,
  0xdc, 0x15, 0xbc, 0x1c, 0x32, 0x82, 0x30, 0x00, 0x00, 0x01, 0x00, 0x80,
  0x27, 0xc2, 0xf3, 0x2c, 0x42, 0xf3, 0x20, 0x00, 0x00, 0x00, 0x95, 0x54,
  0xc1, 0x47, 0x2b, 0x99, 0xc3, 0x54, 0xc1, 0x47, 0x2b, 0x98, 0x00, 0x00,
  0x00, 0x1c, 0x55, 0x8c, 0x0c, 0xdf, 0x04, 0x44, 0xba, 0xc6, 0x06, 0x6f,
  0x82, 0x20, 0x00, 0x00, 0x00, 0x00, 0x00, 0x00, 0x00, 0x00, 0x00, 0x00,
  0x00, 0x00, 0x00, 0x02, 0x70, 0x0d, 0xad, 0xaf, 0x80, 0x00, 0x00, 0x00,
  0x00, 0x00, 0x00, 0x00, 0x00, 0x00, 0x00, 0x00, 0x00, 0x00, 0x00, 0x0b,
  0x06, 0xa6, 0x9e, 0x91, 0x6e, 0x6f, 0xf9, 0x5a, 0xb7, 0xe5, 0x95, 0x5f,
  0x58, 0x35, 0x34, 0xf4, 0x8b, 0x73, 0x7f, 0xca, 0xd5, 0xbf, 0x2c, 0xaf,
  0x9a, 0xf2, 0x25, 0xf5, 0x46, 0x54, 0x3e, 0xa5, 0xc2, 0xf0, 0x42, 0xf0,
  0xd5, 0x93, 0xc0, 0x00, 0x00, 0x00, 0x00, 0x00, 0x00, 0x00, 0x00, 0x00,
  0x00, 0x00, 0x00, 0x00, 0x00, 0x03, 0xac, 0xfb, 0x29, 0xbd, 0x00, 0x5d,
  0x7f, 0xec, 0x61, 0xf9, 0x24, 0x76, 0x63, 0xac, 0xfb, 0x29, 0xbd, 0x00,
  0x5d, 0x7f, 0xec, 0x61, 0xf9, 0x24, 0x7b, 0x5d, 0xbf, 0x3a, 0x8d, 0x31,
  0xde, 0xfa, 0xa3, 0x2a, 0x1f, 0x37, 0xe6, 0xd9, 0x47, 0x2b, 0x0c, 0xcd,
  0xb2, 0x8e, 0x56, 0x16, 0x12, 0x60, 0x00, 0x00, 0x00, 0x00, 0x00, 0x00,
  0x00, 0x00, 0x00, 0x00, 0x00, 0x00, 0x00, 0x00, 0x00, 0x7e, 0x29, 0xf0,
  0x51, 0xf8, 0x3f, 0x6f, 0xc5, 0x3e, 0x0a, 0x3f, 0x06, 0x2d, 0xfb, 0x83,
  0x5a, 0x68, 0x97, 0x9d, 0xae, 0x44, 0xa3, 0x00, 0xd0, 0x51, 0x20, 0x00,
  0x00, 0x00, 0x00, 0x00, 0x00, 0x00, 0x00, 0x00, 0x00, 0x00, 0x00, 0x00,
  0x00, 0x03, 0x82, 0xb7, 0x83, 0x86, 0x57, 0x3b, 0x82, 0xb7, 0x83, 0x86,
  0x50, 0x46, 0x00, 0x00, 0x00, 0x20, 0x10, 0x04, 0xf8, 0x5e, 0x65, 0x88,
  0x5e, 0x64, 0x00, 0x00, 0x00, 0x12, 0xaa, 0x98, 0x28, 0xe5, 0x73, 0x38,
  0x6a, 0x98, 0x28, 0xe5, 0x73, 0x00, 0x00, 0x00, 0x03, 0x8a, 0xb1, 0x81,
  0x9b, 0xe0, 0x88, 0x97, 0x58, 0xc0, 0xcd, 0xf0, 0x44, 0x00, 0x00, 0x00,
  0x00, 0x00, 0x00, 0x00, 0x00, 0x00, 0x00, 0x00, 0x00, 0x00, 0x00, 0x4e,
  0x01, 0xb5, 0xb5, 0xf0, 0x00, 0x00, 0x00, 0x00, 0x00, 0x00, 0x00, 0x00,
  0x00, 0x00, 0x00, 0x00, 0x00, 0x00, 0x01, 0x60, 0xd4, 0xd3, 0xd2, 0x2d,
  0xcd, 0xff, 0x00, 0x2b, 0x56, 0xfc, 0xb2, 0xab, 0xeb, 0x06, 0xa6, 0x9e,
  0x91, 0x6e, 0x6f, 0xf9, 0x5a, 0xb7, 0xe5, 0x95, 0xf3, 0x5e, 0x44, 0xbe,
  0xa8, 0xca, 0x87, 0xd4, 0xb8, 0x5e, 0x08, 0x5e, 0x1a, 0xb2, 0x78, 0x00,
  0x00, 0x00, 0x00, 0x00, 0x00, 0x00, 0x00, 0x00, 0x00, 0x00, 0x00, 0x00,
  0x00, 0x00, 0x75, 0x9f, 0x65, 0x37, 0xa0, 0x0b, 0xaf, 0xfd, 0x8c, 0x3f,
  0x24, 0x8e, 0xcc, 0x75, 0x9f, 0x65, 0x37, 0xa0, 0x0b, 0xaf, 0xfd, 0x8c,
  0x3f, 0x24, 0x8f, 0x6b, 0xb7, 0xe7, 0x51, 0xa6, 0x3b, 0xdf, 0x54, 0x65,
  0x43, 0xe6, 0xfc, 0xdb, 0x28, 0xe5, 0x61, 0x99, 0xb6, 0x51, 0xca, 0xc2,
  0xc2, 0x4c, 0x00, 0x00, 0x00, 0x00, 0x00, 0x00, 0x00, 0x00, 0x00, 0x00,
  0x00, 0x00, 0x00, 0x00, 0x00, 0x0f, 0xc5, 0x3e, 0x0a, 0x3f, 0x07, 0xed,
  0xf8, 0xa7, 0xc1, 0x47, 0xe0, 0xc5, 0xbf, 0x70, 0x6b, 0x4d, 0x12, 0xf3,
  0xb5, 0xc8, 0x94, 0x60, 0x1a, 0x0a, 0x24, 0x00, 0x00, 0x00, 0x00, 0x00,
  0x00, 0x00, 0x00, 0x00, 0x00, 0x00, 0x00, 0x00, 0x00, 0x00, 0x70, 0x56,
  0xf0, 0x70, 0xca, 0xe7, 0x70, 0x56, 0xf0, 0x70, 0xca, 0x08, 0xc0, 0x00,
  0x00, 0x04, 0x02, 0x00, 0x9f, 0x0b, 0xcc, 0xb1, 0x0b, 0xcc, 0x80, 0x00,
  0x00, 0x02, 0x55, 0x53, 0x05, 0x1c, 0xae, 0x67, 0x0d, 0x53, 0x05, 0x1c,
  0xae, 0x60, 0x00, 0x00, 0x00, 0x71, 0x56, 0x30, 0x33, 0x7c, 0x11, 0x12,
  0xeb, 0x18, 0x19, 0xbe, 0x08, 0x80, 0x00, 0x00, 0x00, 0x00, 0x00, 0x00,
  0x00, 0x00, 0x00, 0x00, 0x00, 0x00, 0x00, 0x09, 0xc0, 0x36, 0xb6, 0xbe,
  0x00, 0x00, 0x00, 0x00, 0x00, 0x00, 0x00, 0x00, 0x00, 0x00, 0x00, 0x00,
  0x00, 0x00, 0x00, 0x2c, 0x1a, 0x9a, 0x7a, 0x45, 0xb9, 0xbf, 0xe5, 0x6a,
  0xdf, 0x96, 0x55, 0x7d, 0x60, 0xd4, 0xd3, 0xd2, 0x2d, 0xcd, 0xff, 0x00,
  0x2b, 0x56, 0xfc, 0xb2, 0xbe, 0x6b, 0xc8, 0x97, 0xd5, 0x19, 0x50, 0xfa,
  0x97, 0x0b, 0xc1, 0x0b, 0xc3, 0x56, 0x4f, 0x00, 0x00, 0x00, 0x00, 0x00,
  0x00, 0x00, 0x00, 0x00, 0x00, 0x00, 0x00, 0x00, 0x00, 0x00, 0x0e, 0xb3,
  0xec, 0xa6, 0xf4, 0x01, 0x75, 0xff, 0x00, 0xb1, 0x87, 0xe4, 0x91, 0xd9,
  0x8e, 0xb3, 0xec, 0xa6, 0xf4, 0x01, 0x75, 0xff, 0x00, 0xb1, 0x87, 0xe4,
  0x91, 0xed, 0x76, 0xfc, 0xea, 0x34, 0xc7, 0x7b, 0xea, 0x8c, 0xa8, 0x7c,
  0xdf, 0x9b, 0x65, 0x1c, 0xac, 0x33, 0x36, 0xca, 0x39, 0x58, 0x58, 0x49,
  0x80, 0x00, 0x00, 0x00, 0x00, 0x00, 0x00, 0x00, 0x00, 0x00, 0x00, 0x00,
  0x00, 0x00, 0x00, 0x01, 0xf8, 0xa7, 0xc1, 0x47, 0xe0, 0xfd, 0xbf, 0x14,
  0xf8, 0x28, 0xfc, 0x18, 0xb7, 0xee, 0x0d, 0x69, 0xa2, 0x5e, 0x76, 0xb9,
  0x12, 0x8c, 0x03, 0x41, 0x44, 0x80, 0x00, 0x00, 0x00, 0x00, 0x00, 0x00,
  0x00, 0x00, 0x00, 0x00, 0x00, 0x00, 0x00, 0x00, 0x0e, 0x0a, 0xde, 0x0e,
  0x19, 0x5c, 0xee, 0x0a, 0xde, 0x0e, 0x19, 0x41, 0x18, 0x00, 0x00, 0x00,
  0x80, 0x40, 0x13, 0xe1, 0x79, 0x96, 0x21, 0x79, 0x90, 0x00, 0x00, 0x00,
  0x4a, 0xaa, 0x60, 0xa3, 0x95, 0xcc, 0xe1, 0xaa, 0x60, 0xa3, 0x95, 0xcc,
  0x00, 0x00, 0x00, 0x0e, 0x2a, 0xc6, 0x06, 0x6f, 0x82, 0x22, 0x5d, 0x63,
  0x03, 0x37, 0xc1, 0x10, 0x00, 0x00, 0x00, 0x00, 0x00, 0x00, 0x00, 0x00,
  0x00, 0x00, 0x00, 0x00, 0x00, 0x01, 0x38, 0x06, 0xd6, 0xd7, 0xc0, 0x00,
  0x00, 0x00, 0x00, 0x00, 0x00, 0x00, 0x00, 0x00, 0x00, 0x00, 0x00, 0x00,
  0x00, 0x05, 0x83, 0x53, 0x4f, 0x48, 0xb7, 0x37, 0xfc, 0xad, 0x5b, 0xf2,
  0xca, 0xaf, 0xac, 0x1a, 0x9a, 0x7a, 0x45, 0xb9, 0xbf, 0xe5, 0x6a, 0xdf,
  0x96, 0x57, 0xcd, 0x79, 0x12, 0xfa, 0xa3, 0x2a, 0x1f, 0x52, 0xe1, 0x78,
  0x21, 0x78, 0x6a, 0xc9, 0xe0, 0x00, 0x00, 0x00, 0x00, 0x00, 0x00, 0x00,
  0x00, 0x00, 0x00, 0x00, 0x00, 0x00, 0x00, 0x01, 0xd6, 0x7d, 0x94, 0xde,
  0x80, 0x2e, 0xbf, 0xf6, 0x30, 0xfc, 0x92, 0x3b, 0x31, 0xd6, 0x7d, 0x94,
  0xde, 0x80, 0x2e, 0xbf, 0xf6, 0x30, 0xfc, 0x92, 0x3d, 0xae, 0xdf, 0x9d,
  0x46, 0x98, 0xef, 0x7d, 0x51, 0x95, 0x0f, 0x9b, 0xf3, 0x6c, 0xa3, 0x95,
  0x86, 0x66, 0xd9, 0x47, 0x2b, 0x0b, 0x09, 0x30, 0x00, 0x00, 0x00, 0x00,
  0x00, 0x00, 0x00, 0x00, 0x00, 0x00, 0x00, 0x00, 0x00, 0x00, 0x00, 0x3f,
  0x14, 0xf8, 0x28, 0xfc, 0x1f, 0xb7, 0xe2, 0x9f, 0x05, 0x1f, 0x83, 0x16,
  0xfd, 0xc1, 0xad, 0x34, 0x4b, 0xce, 0xd7, 0x22, 0x51, 0x80, 0x68, 0x28,
  0x90, 0x00, 0x00, 0x00, 0x00, 0x00, 0x00, 0x00, 0x00, 0x00, 0x00, 0x00,
  0x00, 0x00, 0x00, 0x01, 0xc1, 0x5b, 0xc1, 0xc3, 0x2b, 0x9d, 0xc1, 0x5b,
  0xc1, 0xc3, 0x28, 0x23, 0x00, 0x00, 0x00, 0x10, 0x08, 0x02, 0x7c, 0x2f,
  0x32, 0xc4, 0x2f, 0x32, 0x00, 0x00, 0x00, 0x09, 0x55, 0x4c, 0x14, 0x72,
  0xb9, 0x9c, 0x35, 0x4c, 0x14, 0x72, 0xb9, 0x80, 0x00, 0x00, 0x01, 0xc5,
  0x58, 0xc0, 0xcd, 0xf0, 0x44, 0x4b, 0xac, 0x60, 0x66, 0xf8, 0x22, 0x00,
  0x00, 0x00, 0x00, 0x00, 0x00, 0x00, 0x00, 0x00, 0x00, 0x00, 0x00, 0x00,
  0x00, 0x27, 0x00, 0xda, 0xda, 0xf8, 0x00, 0x00, 0x00, 0x00, 0x00, 0x00,
  0x00, 0x00, 0x00, 0x00, 0x00, 0x00, 0x00, 0x00, 0x00, 0xb0, 0x6a, 0x69,
  0xe9, 0x16, 0xe6, 0xff, 0x00, 0x95, 0xab, 0x7e, 0x59, 0x55, 0xf5, 0x83,
  0x53, 0x4f, 0x48, 0xb7, 0x37, 0xfc, 0xad, 0x5b, 0xf2, 0xca, 0xf9, 0xaf,
  0x22, 0x5f, 0x54, 0x65, 0x43, 0xea, 0x5c, 0x2f, 0x04, 0x2f, 0x0d, 0x59,
  0x3c, 0x00, 0x00, 0x00, 0x00, 0x00, 0x00, 0x00, 0x00, 0x00, 0x00, 0x00,
  0x00, 0x00, 0x00, 0x00, 0x3a, 0xcf, 0xb2, 0x9b, 0xd0, 0x05, 0xd7, 0xfe,
  0xc6, 0x1f, 0x92, 0x47, 0x66, 0x3a, 0xcf, 0xb2, 0x9b, 0xd0, 0x05, 0xd7,
  0xfe, 0xc6, 0x1f, 0x92, 0x47, 0xb5, 0xdb, 0xf3, 0xa8, 0xd3, 0x1d, 0xef,
  0xaa, 0x32, 0xa1, 0xf3, 0x7e, 0x6d, 0x94, 0x72, 0xb0, 0xcc, 0xdb, 0x28,
  0xe5, 0x61, 0x61, 0x26, 0x00, 0x00, 0x00, 0x00, 0x00, 0x00, 0x00, 0x00,
  0x00, 0x00, 0x00, 0x00, 0x00, 0x00, 0x00, 0x07, 0xe2, 0x9f, 0x05, 0x1f,
  0x83, 0xf6, 0xfc, 0x53, 0xe0, 0xa3, 0xf0, 0x62, 0xdf, 0xb8, 0x35, 0xa6,
  0x89, 0x79, 0xda, 0xe4, 0x4a, 0x30, 0x0d, 0x05, 0x12, 0x00, 0x00, 0x00,
  0x00, 0x00, 0x00, 0x00, 0x00, 0x00, 0x00, 0x00, 0x00, 0x00, 0x00, 0x00,
  0x38, 0x2b, 0x78, 0x38, 0x65, 0x73, 0xb8, 0x2b, 0x78, 0x38, 0x65, 0x04,
  0x60, 0x00, 0x00, 0x02, 0x01, 0x00, 0x4f, 0x85, 0xe6, 0x58, 0x85, 0xe6,
  0x40, 0x00, 0x00, 0x01, 0x2a, 0xa9, 0x82, 0x8e, 0x57, 0x33, 0x86, 0xa9,
  0x82, 0x8e, 0x57, 0x30, 0x00, 0x00, 0x00, 0x38, 0xab, 0x18, 0x19, 0xbe,
  0x08, 0x89, 0x75, 0x8c, 0x0c, 0xdf, 0x04, 0x40, 0x00, 0x00, 0x00, 0x00,
  0x00, 0x00, 0x00, 0x00, 0x00, 0x00, 0x00, 0x00, 0x00, 0x04, 0xe0, 0x1b,
  0x5b, 0x5f, 0x00, 0x00, 0x00, 0x00, 0x00, 0x00, 0x00, 0x00, 0x00, 0x00,
  0x00, 0x00, 0x00, 0x00, 0x00, 0x16, 0x0d, 0x4d, 0x3d, 0x22, 0xdc, 0xdf,
  0xf2, 0xb5, 0x6f, 0xcb, 0x2a, 0xbe, 0xb0, 0x6a, 0x69, 0xe9, 0x16, 0xe6,
  0xff, 0x00, 0x95, 0xab, 0x7e, 0x59, 0x5f, 0x35, 0xe4, 0x4b, 0xea, 0x8c,
  0xa8, 0x7d, 0x4b, 0x85, 0xe0, 0x85, 0xe1, 0xab, 0x27, 0x80, 0x00, 0x00,
  0x00, 0x00, 0x00, 0x00, 0x00, 0x00, 0x00, 0x00, 0x00, 0x00, 0x00, 0x00,
  0x07, 0x59, 0xf6, 0x53, 0x7a, 0x00, 0xba, 0xff, 0x00, 0xd8, 0xc3, 0xf2,
  0x48, 0xec, 0xc7, 0x59, 0xf6, 0x53, 0x7a, 0x00, 0xba, 0xff, 0x00, 0xd8,
  0xc3, 0xf2, 0x48, 0xf6, 0xbb, 0x7e, 0x75, 0x1a, 0x63, 0xbd, 0xf5, 0x46,
  0x54, 0x3e, 0x6f, 0xcd, 0xb2, 0x8e, 0x56, 0x19, 0x9b, 0x65, 0x1c, 0xac,
  0x2c, 0x24, 0xc0, 0x00, 0x00, 0x00, 0x00, 0x00, 0x00, 0x00, 0x00, 0x00,
  0x00, 0x00, 0x00, 0x00, 0x00, 0x00, 0xfc, 0x53, 0xe0, 0xa3, 0xf0, 0x7e,
  0xdf, 0x8a, 0x7c, 0x14, 0x7e, 0x0c, 0x5b, 0xf7, 0x06, 0xb4, 0xd1, 0x2f,
  0x3b, 0x5c, 0x89, 0x46, 0x01, 0xa0, 0xa2, 0x40, 0x00, 0x00, 0x00, 0x00,
  0x00, 0x00, 0x00, 0x00, 0x00, 0x00, 0x00, 0x00, 0x00, 0x00, 0x07, 0x05,
  0x6f, 0x07, 0x0c, 0xae, 0x77, 0x05, 0x6f, 0x07, 0x0c, 0xa0, 0x8c, 0x00,
  0x00, 0x00, 0x40, 0x20, 0x09, 0xf0, 0xbc, 0xcb, 0x10, 0xbc, 0xc8, 0x00,
  0x00, 0x00, 0x25, 0x55, 0x30, 0x51, 0xca, 0xe6, 0x70, 0xd5, 0x30, 0x51,
  0xca, 0xe6, 0x00, 0x00, 0x00, 0x07, 0x15, 0x63, 0x03, 0x37, 0xc1, 0x11,
  0x2e, 0xb1, 0x81, 0x9b, 0xe0, 0x88, 0x00, 0x00, 0x00, 0x00, 0x00, 0x00,
  0x00, 0x00, 0x00, 0x00, 0x00, 0x00, 0x00, 0x00, 0x9c, 0x03, 0x6b, 0x6b,
  0xe0, 0x00, 0x00, 0x00, 0x00, 0x00, 0x00, 0x00, 0x00, 0x00, 0x00, 0x00,
  0x00, 0x00, 0x00, 0x02, 0xc1, 0xa9, 0xa7, 0xa4, 0x5b, 0x9b, 0xfe, 0x56,
  0xad, 0xf9, 0x65, 0x57, 0xd6, 0x0d, 0x4d, 0x3d, 0x22, 0xdc, 0xdf, 0xf2,
  0xb5, 0x6f, 0xcb, 0x2b, 0xe6, 0xbc, 0x89, 0x7d, 0x51, 0x95, 0x0f, 0xa9,
  0x70, 0xbc, 0x10, 0xbc, 0x35, 0x64, 0xf0, 0x00, 0x00, 0x00, 0x00, 0x00,
  0x00, 0x00, 0x00, 0x00, 0x00, 0x00, 0x00, 0x00, 0x00, 0x00, 0xeb, 0x3e,
  0xca, 0x6f, 0x40, 0x17, 0x5f, 0xfb, 0x18, 0x7e, 0x49, 0x1d, 0x98, 0xeb,
  0x3e, 0xca, 0x6f, 0x40, 0x17, 0x5f, 0xfb, 0x18, 0x7e, 0x49, 0x1e, 0xd7,
  0x6f, 0xce, 0xa3, 0x4c, 0x77, 0xbe, 0xa8, 0xca, 0x87, 0xcd, 0xf9, 0xb6,
  0x51, 0xca, 0xc3, 0x33, 0x6c, 0xa3, 0x95, 0x85, 0x84, 0x98, 0x00, 0x00,
  0x00, 0x00, 0x00, 0x00, 0x00, 0x00, 0x00, 0x00, 0x00, 0x00, 0x00, 0x00,
  0x00, 0x1f, 0x8a, 0x7c, 0x14, 0x7e, 0x0f, 0xdb, 0xf1, 0x4f, 0x82, 0x8f,
  0xc1, 0x8b, 0x7e, 0xe0, 0xd6, 0x9a, 0x25, 0xe7, 0x6b, 0x91, 0x28, 0xc0,
  0x34, 0x14, 0x48, 0x00, 0x00, 0x00, 0x00, 0x00, 0x00, 0x00, 0x00, 0x00,
  0x00, 0x00, 0x00, 0x00, 0x00, 0x00, 0xe0, 0xad, 0xe0, 0xe1, 0x95, 0xce,
  0xe0, 0xad, 0xe0, 0xe1, 0x94, 0x11, 0x80, 0x00, 0x00, 0x08, 0x04, 0x01,
  0x3e, 0x17, 0x99, 0x62, 0x17, 0x99, 0x00, 0x00, 0x00, 0x04, 0xaa, 0xa6,
  0x0a, 0x39, 0x5c, 0xce, 0x1a, 0xa6, 0x0a, 0x39, 0x5c, 0xc0, 0x00, 0x00,
  0x00, 0xe2, 0xac, 0x60, 0x66, 0xf8, 0x22, 0x25, 0xd6, 0x30, 0x33, 0x7c,
  0x11, 0x00, 0x00, 0x00, 0x00, 0x00, 0x00, 0x00, 0x00, 0x00, 0x00, 0x00,
  0x00, 0x00, 0x00, 0x13, 0x80, 0x6d, 0x6d, 0x7c, 0x00, 0x00, 0x00, 0x00,
  0x00, 0x00, 0x00, 0x00, 0x00, 0x00, 0x00, 0x00, 0x00, 0x00, 0x00, 0x58,
  0x35, 0x34, 0xf4, 0x8b, 0x73, 0x7f, 0xca, 0xd5, 0xbf, 0x2c, 0xaa, 0xfa,
  0xc1, 0xa9, 0xa7, 0xa4, 0x5b, 0x9b, 0xfe, 0x56, 0xad, 0xf9, 0x65, 0x7c,
  0xd7, 0x91, 0x2f, 0xaa, 0x32, 0xa1, 0xf5, 0x2e, 0x17, 0x82, 0x17, 0x86,
  0xac, 0x9e, 0x00, 0x00, 0x00, 0x00, 0x00, 0x00, 0x00, 0x00, 0x00, 0x00,
  0x00, 0x00, 0x00, 0x00, 0x00, 0x1d, 0x67, 0xd9, 0x4d, 0xe8, 0x02, 0xeb,
  0xff, 0x00, 0x63, 0x0f, 0xc9, 0x23, 0xb3, 0x1d, 0x67, 0xd9, 0x4d, 0xe8,
  0x02, 0xeb, 0xff, 0x00, 0x63, 0x0f, 0xc9, 0x23, 0xda, 0xed, 0xf9, 0xd4,
  0x69, 0x8e, 0xf7, 0xd5, 0x19, 0x50, 0xf9, 0xbf, 0x36, 0xca, 0x39, 0x58,
  0x66, 0x6d, 0x94, 0x72, 0xb0, 0xb0, 0x93, 0x00, 0x00, 0x00, 0x00, 0x00,
  0x00, 0x00, 0x00, 0x00, 0x00, 0x00, 0x00, 0x00, 0x00, 0x00, 0x03, 0xf1,
  0x4f, 0x82, 0x8f, 0xc1, 0xfb, 0x7e, 0x29, 0xf0, 0x51, 0xf8, 0x31, 0x6f,
  0xdc, 0x1a, 0xd3, 0x44, 0xbc, 0xed, 0x72, 0x25, 0x18, 0x06, 0x82, 0x89,
  0x00, 0x00, 0x00, 0x00, 0x00, 0x00, 0x00, 0x00, 0x00, 0x00, 0x00, 0x00,
  0x00, 0x00, 0x00, 0x1c, 0x15, 0xbc, 0x1c, 0x32, 0xb9, 0xdc, 0x15, 0xbc,
  0x1c, 0x32, 0x82, 0x30, 0x00, 0x00, 0x01, 0x00, 0x80, 0x27, 0xc2, 0xf3,
  0x2c, 0x42, 0xf3, 0x20, 0x00, 0x00, 0x00, 0x95, 0x54, 0xc1, 0x47, 0x2b,
  0x99, 0xc3, 0x54, 0xc1, 0x47, 0x2b, 0x98, 0x00, 0x00, 0x00, 0x1c, 0x55,
  0x8c, 0x0c, 0xdf, 0x04, 0x44, 0xba, 0xc6, 0x06, 0x6f, 0x82, 0x20, 0x00,
  0x00, 0x00, 0x00, 0x00, 0x00, 0x00, 0x00, 0x00, 0x00, 0x00, 0x00, 0x00,
  0x02, 0x70, 0x0d, 0xad, 0xaf, 0x80, 0x00, 0x00, 0x00, 0x00, 0x00, 0x00,
  0x00, 0x00, 0x00, 0x00, 0x00, 0x00, 0x00, 0x00, 0x0b, 0x06, 0xa6, 0x9e,
  0x91, 0x6e, 0x6f, 0xf9, 0x5a, 0xb7, 0xe5, 0x95, 0x5f, 0x58, 0x35, 0x34,
  0xf4, 0x8b, 0x73, 0x7f, 0xca, 0xd5, 0xbf, 0x2c, 0xaf, 0x9a, 0xf2, 0x25,
  0xf5, 0x46, 0x54, 0x3e, 0xa5, 0xc2, 0xf0, 0x42, 0xf0, 0xd5, 0x93, 0xc0,
  0x00, 0x00, 0x00, 0x00, 0x00, 0x00, 0x00, 0x00, 0x00, 0x00, 0x00, 0x00,
  0x00, 0x00, 0x03, 0xac, 0xfb, 0x29, 0xbd, 0x00, 0x5d, 0x7f, 0xec, 0x61,
  0xf9, 0x24, 0x76, 0x63, 0xac, 0xfb, 0x29, 0xbd, 0x00, 0x5d, 0x7f, 0xec,
  0x61, 0xf9, 0x24, 0x7b, 0x5d, 0xbf, 0x3a, 0x8d, 0x31, 0xde, 0xfa, 0xa3,
  0x2a, 0x1f, 0x37, 0xe6, 0xd9, 0x47, 0x2b, 0x0c, 0xcd, 0xb2, 0x8e, 0x56,
  0x16, 0x12, 0x60, 0x00, 0x00, 0x00, 0x00, 0x00, 0x00, 0x00, 0x00, 0x00,
  0x00, 0x00, 0x00, 0x00, 0x00, 0x00, 0x7e, 0x29, 0xf0, 0x51, 0xf8, 0x3f,
  0x6f, 0xc5, 0x3e, 0x0a, 0x3f, 0x06, 0x2d, 0xfb, 0x83, 0x5a, 0x68, 0x97,
  0x9d, 0xae, 0x44, 0xa3, 0x00, 0xd0, 0x51, 0x20, 0x00, 0x00, 0x00, 0x00,
  0x00, 0x00, 0x00, 0x00, 0x00, 0x00, 0x00, 0x00, 0x00, 0x00, 0x03, 0x82,
  0xb7, 0x83, 0x86, 0x57, 0x3b, 0x82, 0xb7, 0x83, 0x86, 0x50, 0x46, 0x00,
  0x00, 0x00, 0x20, 0x10, 0x04, 0xf8, 0x5e, 0x65, 0x88, 0x5e, 0x64, 0x00,
  0x00, 0x00, 0x12, 0xaa, 0x98, 0x28, 0xe5, 0x73, 0x38, 0x6a, 0x98, 0x28,
  0xe5, 0x73, 0x00, 0x00, 0x00, 0x03, 0x8a, 0xb1, 0x81, 0x9b, 0xe0, 0x88,
  0x97, 0x58, 0xc0, 0xcd, 0xf0, 0x44, 0x00, 0x00, 0x00, 0x00, 0x00, 0x00,
  0x00, 0x00, 0x00, 0x00, 0x00, 0x00, 0x00, 0x00, 0x4e, 0x01, 0xb5, 0xb5,
  0xf0, 0x00, 0x00, 0x00, 0x00, 0x00, 0x00, 0x00, 0x00, 0x00, 0x00, 0x00,
  0x00, 0x00, 0x00, 0x01, 0x60, 0xd4, 0xd3, 0xd2, 0x2d, 0xcd, 0xff, 0x00,
  0x2b, 0x56, 0xfc, 0xb2, 0xab, 0xeb, 0x06, 0xa6, 0x9e, 0x91, 0x6e, 0x6f,
  0xf9, 0x5a, 0xb7, 0xe5, 0x95, 0xf3, 0x5e, 0x44, 0xbe, 0xa8, 0xca, 0x87,
  0xd4, 0xb8, 0x5e, 0x08, 0x5e, 0x1a, 0xb2, 0x78, 0x00, 0x00, 0x00, 0x00,
  0x00, 0x00, 0x00, 0x00, 0x00, 0x00, 0x00, 0x00, 0x00, 0x00, 0x00, 0x75,
  0x9f, 0x65, 0x37, 0xa0, 0x0b, 0xaf, 0xfd, 0x8c, 0x3f, 0x24, 0x8e, 0xcc,
  0x75, 0x9f, 0x65, 0x37, 0xa0, 0x0b, 0xaf, 0xfd, 0x8c, 0x3f, 0x24, 0x8f,
  0x6b, 0xb7, 0xe7, 0x51, 0xa6, 0x3b, 0xdf, 0x54, 0x65, 0x43, 0xe6, 0xfc,
  0xdb, 0x28, 0xe5, 0x61, 0x99, 0xb6, 0x51, 0xca, 0xc2, 0xc2, 0x4c, 0x00,
  0x00, 0x00, 0x00, 0x00, 0x00, 0x00, 0x00, 0x00, 0x00, 0x00, 0x00, 0x00,
  0x00, 0x00, 0x0f, 0xc5, 0x3e, 0x0a, 0x3f, 0x07, 0xed, 0xf8, 0xa7, 0xc1,
  0x47, 0xe0, 0xc5, 0xbf, 0x70, 0x6b, 0x4d, 0x12, 0xf3, 0xb5, 0xc8, 0x94,
  0x60, 0x1a, 0x0a, 0x24, 0x00, 0x00, 0x00, 0x00, 0x00, 0x00, 0x00, 0x00,
  0x00, 0x00, 0x00, 0x00, 0x00, 0x00, 0x00, 0x70, 0x56, 0xf0, 0x70, 0xca,
  0xe7, 0x70, 0x56, 0xf0, 0x70, 0xca, 0x08, 0xc0, 0x00, 0x00, 0x04, 0x02,
  0x00, 0x9f, 0x0b, 0xcc, 0xb1, 0x0b, 0xcc, 0x80, 0x00, 0x00, 0x02, 0x55,
  0x53, 0x05, 0x1c, 0xae, 0x67, 0x0d, 0x53, 0x05, 0x1c, 0xae, 0x60, 0x00,
  0x00, 0x00, 0x71, 0x56, 0x30, 0x33, 0x7c, 0x11, 0x12, 0xeb, 0x18, 0x19,
  0xbe, 0x08, 0x80, 0x00, 0x00, 0x00, 0x00, 0x00, 0x00, 0x00, 0x00, 0x00,
  0x00, 0x00, 0x00, 0x00, 0x09, 0xc0, 0x36, 0xb6, 0xbe, 0x00, 0x00, 0x00,
  0x00, 0x00, 0x00, 0x00, 0x00, 0x00, 0x00, 0x00, 0x00, 0x00, 0x00, 0x00,
  0x2c, 0x1a, 0x9a, 0x7a, 0x45, 0xb9, 0xbf, 0xe5, 0x6a, 0xdf, 0x96, 0x55,
  0x7d, 0x60, 0xd4, 0xd3, 0xd2, 0x2d, 0xcd, 0xff, 0x00, 0x2b, 0x56, 0xfc,
  0xb2, 0xbe, 0x6b, 0xc8, 0x97, 0xd5, 0x19, 0x50, 0xfa, 0x97, 0x0b, 0xc1,
  0x0b, 0xc3, 0x56, 0x4f, 0x00, 0x00, 0x00, 0x00, 0x00, 0x00, 0x00, 0x00,
  0x00, 0x00, 0x00, 0x00, 0x00, 0x00, 0x00, 0x0e, 0xb3, 0xec, 0xa6, 0xf4,
  0x01, 0x75, 0xff, 0x00, 0xb1, 0x87, 0xe4, 0x91, 0xd9, 0x8e, 0xb3, 0xec,
  0xa6, 0xf4, 0x01, 0x75, 0xff, 0x00, 0xb1, 0x87, 0xe4, 0x91, 0xed, 0x76,
  0xfc, 0xea, 0x34, 0xc7, 0x7b, 0xea, 0x8c, 0xa8, 0x7c, 0xdf, 0x9b, 0x65,
  0x1c, 0xac, 0x33, 0x36, 0xca, 0x39, 0x58, 0x58, 0x49, 0x80, 0x00, 0x00,
  0x00, 0x00, 0x00, 0x00, 0x00, 0x00, 0x00, 0x00, 0x00, 0x00, 0x00, 0x00,
  0x01, 0xf8, 0xa7, 0xc1, 0x47, 0xe0, 0xfd, 0xbf, 0x14, 0xf8, 0x28, 0xfc,
  0x18, 0xb7, 0xee, 0x0d, 0x69, 0xa2, 0x5e, 0x76, 0xb9, 0x12, 0x8c, 0x03,
  0x41, 0x44, 0x80, 0x00, 0x00, 0x00, 0x00, 0x00, 0x00, 0x00, 0x00, 0x00,
  0x00, 0x00, 0x00, 0x00, 0x00, 0x0e, 0x0a, 0xde, 0x0e, 0x19, 0x5c, 0xee,
  0x0a, 0xde, 0x0e, 0x19, 0x41, 0x18, 0x00, 0x00, 0x00, 0x80, 0x40, 0x13,
  0xe1, 0x79, 0x96, 0x21, 0x79, 0x90, 0x00, 0x00, 0x00, 0x4a, 0xaa, 0x60,
  0xa3, 0x95, 0xcc, 0xe1, 0xaa, 0x60, 0xa3, 0x95, 0xcc, 0x00, 0x00, 0x00,
  0x0e, 0x2a, 0xc6, 0x06, 0x6f, 0x82, 0x22, 0x5d, 0x63, 0x03, 0x37, 0xc1,
  0x10, 0x00, 0x00, 0x00, 0x00, 0x00, 0x00, 0x00, 0x00, 0x00, 0x00, 0x00,
  0x00, 0x00, 0x01, 0x38, 0x06, 0xd6, 0xd7, 0xc0, 0x00, 0x00, 0x00, 0x00,
  0x00, 0x00, 0x00, 0x00, 0x00, 0x00, 0x00, 0x00, 0x00, 0x00, 0x05, 0x83,
  0x53, 0x4f, 0x48, 0xb7, 0x37, 0xfc, 0xad, 0x5b, 0xf2, 0xca, 0x0f, 0x9a,
  0xf2, 0x25, 0xf5, 0x46, 0x54, 0x3e, 0xa5, 0xc2, 0xf0, 0x0d, 0x59, 0x3c,
  0x00, 0x00, 0x00, 0x00, 0x00, 0x00, 0x00, 0x00, 0x00, 0x00, 0x00, 0x00,
  0x00, 0x00, 0x00, 0x3a, 0xcf, 0xb2, 0x9b, 0xd0, 0x05, 0xd7, 0xfe, 0xc6,
  0x1f, 0x92, 0x40, 0x7b, 0x5d, 0xbf, 0x3a, 0x8d, 0x31, 0xde, 0xfa, 0xa3,
  0x2a, 0x1f, 0x37, 0xe6, 0xd9, 0x47, 0x2b, 0x00, 0xb0, 0x93, 0x00, 0x00,
  0x00, 0x00, 0x00, 0x00, 0x00, 0x00, 0x00, 0x00, 0x00, 0x00, 0x00, 0x00,
  0x00, 0x03, 0xf1, 0x4f, 0x82, 0x8f, 0xc0, 0x18, 0xb7, 0xee, 0x0d, 0x69,
  0xa2, 0x5e, 0x76, 0xb9, 0x12, 0x8c, 0x03, 0x41, 0x44, 0x80, 0x00, 0x00,
  0x00, 0x00, 0x00, 0x00, 0x00, 0x00, 0x00, 0x00, 0x00, 0x00, 0x00, 0x00,
  0x0e, 0x0a, 0xde, 0x0e, 0x19, 0x40, 0x11, 0x80, 0x00, 0x00, 0x08, 0x00,
  0x27, 0xc2, 0xf3, 0x20, 0x00, 0x00, 0x00, 0x09, 0x55, 0x4c, 0x14, 0x72,
  0xb9, 0x80, 0x00, 0x00, 0x00, 0x1c, 0x55, 0x8c, 0x0c, 0xdf, 0x04, 0x40,
  0x00, 0x00, 0x00, 0x00, 0x00, 0x00, 0x00, 0x00, 0x00, 0x00, 0x00, 0x00,
  0x00, 0x00, 0x7f, 0xff, 0xd9
};
unsigned int placeholder_jpg_len = 19709;
